-0.013975,-0.0054536,0.24664,0.68034,0.88048,0.50884,0.11159,-0.0082608,-0.046141,-0.023668,-0.034376,-0.010361,0.24285,0.69789,0.89277,0.50137,0.10072,-0.019844,-0.033217,-0.042895
-0.05227,0.014431,0.36246,0.80298,0.79949,0.36883,0.061982,-0.0031741,-0.021167,-0.03504,-0.031875,0.032897,0.37192,0.82062,0.81262,0.35961,0.031761,-0.020112,-0.04328,-0.029569
-0.039696,-0.050054,0.11018,0.53424,0.90226,0.64741,0.20513,-0.010639,-0.0057151,-0.023307,-0.042079,-0.028655,0.1255,0.54256,0.90353,0.65934,0.2091,-0.0099713,-0.023691,-0.048722
-0.055139,-0.020061,0.17941,0.60346,0.87541,0.58137,0.15362,-0.033932,-0.042431,-0.079977,-0.039427,-0.025658,0.15639,0.58805,0.90925,0.61439,0.17472,-0.014776,-0.025908,-0.048114
-0.027092,0.023725,0.30463,0.76822,0.89178,0.47246,0.082973,-0.048585,-0.057652,-0.03083,-0.033,0.0018192,0.28751,0.74587,0.87075,0.44912,0.072134,-0.020225,-0.037039,-0.038812
-0.052129,-0.038929,0.061602,0.44012,0.83288,0.70817,0.27672,0.0024396,-0.034002,-0.060556,-0.048111,-0.03145,0.066914,0.44302,0.86669,0.75288,0.29262,0.008907,-0.020806,-0.047017
-0.073796,-0.046729,0.15713,0.61423,0.92858,0.59396,0.12702,-0.024947,0.0074811,-0.038003,-0.038644,-0.024388,0.16667,0.60237,0.90957,0.60002,0.16437,-0.015902,-0.026715,-0.047737
-0.020205,-0.0048082,0.14666,0.57633,0.93776,0.67191,0.19774,-0.010113,-0.012795,-0.027987,-0.040656,-0.027258,0.14144,0.56651,0.90743,0.6358,0.19072,-0.012749,-0.024791,-0.048513
-0.032935,-0.0080199,0.041929,0.38053,0.82967,0.80219,0.34175,0.012176,-0.027622,-0.045097,-0.050584,-0.031855,0.044107,0.39692,0.83866,0.7927,0.33547,0.022648,-0.020342,-0.044894
-0.056519,-0.04773,0.10298,0.5127,0.88587,0.63696,0.21697,0.0033415,-0.017024,-0.052349,-0.042951,-0.029325,0.11628,0.5282,0.90026,0.67329,0.22043,-0.0080173,-0.023106,-0.048731
-0.058596,-0.065088,0.13321,0.57137,0.91193,0.62868,0.18256,-0.0092446,-0.048718,-0.042256,-0.04024,-0.026763,0.14636,0.5737,0.90821,0.62868,0.18533,-0.013472,-0.025151,-0.048402
-0.054936,-0.037341,0.065733,0.40142,0.85047,0.7828,0.31791,0.014079,-0.0021094,-0.017441,-0.049028,-0.031622,0.058546,0.42676,0.85758,0.76726,0.30741,0.013341,-0.020587,-0.046359
-0.031372,-0.029109,0.18986,0.63068,0.9045,0.52996,0.13073,-0.0073296,0.017598,0.0022668,-0.037069,-0.021015,0.18974,0.63321,0.9078,0.56875,0.14281,-0.017789,-0.028613,-0.046623
-0.056731,-0.040598,0.017466,0.34211,0.80279,0.84185,0.38263,0.032428,-0.030086,-0.035995,-0.052567,-0.032202,0.023825,0.34986,0.80317,0.82975,0.38224,0.040734,-0.020274,-0.041962
-0.01812,0.029438,0.37493,0.82656,0.78763,0.35882,0.032799,0.0049129,-0.050308,-0.050335,-0.031799,0.037809,0.38316,0.82895,0.80367,0.34852,0.027545,-0.020131,-0.043964,-0.028236
-0.033742,0.027468,0.29843,0.74599,0.84763,0.41659,0.078709,-0.029088,-0.043935,-0.054506,-0.03244,0.011526,0.3171,0.77448,0.85248,0.41645,0.05611,-0.020201,-0.039417,-0.035757
-0.070232,-0.041492,0.081666,0.42854,0.86325,0.77334,0.28676,0.0016781,-0.011552,-0.06604,-0.047568,-0.031329,0.07188,0.45236,0.87154,0.74448,0.28426,0.0065495,-0.020963,-0.047349
-0.074946,-0.057382,0.051806,0.43082,0.85374,0.72475,0.28958,0.028943,-0.021433,-0.047247,-0.047153,-0.031224,0.075691,0.4594,0.875,0.73809,0.27805,0.0048638,-0.021095,-0.047575
-0.051149,-0.024447,0.18133,0.61623,0.89441,0.57177,0.13322,-0.025835,-0.012752,-0.014811,-0.0373,-0.021593,0.18612,0.62849,0.90829,0.57357,0.14604,-0.017544,-0.028309,-0.046821
-0.045974,-0.022501,0.11285,0.506,0.87076,0.70786,0.27277,0.004917,-0.024106,-0.044559,-0.045149,-0.030542,0.094453,0.49245,0.8891,0.70743,0.24966,-0.0021013,-0.021898,-0.048375
-0.023442,-0.019947,0.25845,0.7112,0.89592,0.5138,0.11079,-0.030452,-0.063041,-0.050921,-0.033735,-0.0058141,0.26083,0.7179,0.8848,0.47989,0.088529,-0.02009,-0.034778,-0.041339
-0.04428,-0.06207,0.076526,0.49788,0.91317,0.76747,0.28164,0.021631,-0.02191,-0.059009,-0.047292,-0.031261,0.074412,0.45705,0.87387,0.74023,0.28012,0.0054179,-0.021049,-0.047502
-0.043065,-0.026616,0.08597,0.48864,0.90842,0.70911,0.27189,0.014008,0.0153,-0.032434,-0.045003,-0.030478,0.095853,0.49483,0.88998,0.70519,0.24767,-0.0025439,-0.021967,-0.048415
-0.045169,-0.018642,0.060473,0.42422,0.84459,0.74561,0.29427,-0.00143,-0.027006,-0.046701,-0.049155,-0.031643,0.057384,0.42445,0.85622,0.76927,0.30955,0.014007,-0.020561,-0.046257
-0.034575,-0.0031824,0.014058,0.32497,0.80652,0.86875,0.41729,0.025662,-0.034624,-0.050469,-0.053226,-0.032435,0.015479,0.328,0.78439,0.84535,0.40506,0.050703,-0.020312,-0.040375
-0.039957,-0.020522,0.13576,0.5871,0.92589,0.63584,0.18906,0.021985,-0.0081518,-0.056892,-0.040936,-0.027568,0.13819,0.56172,0.9068,0.64053,0.19434,-0.012239,-0.024559,-0.048574
-0.036469,0.0059996,0.20099,0.64247,0.88719,0.56186,0.13753,-0.011902,-0.029381,-0.060611,-0.036623,-0.019791,0.19705,0.64262,0.90659,0.55911,0.13642,-0.018234,-0.029234,-0.0462
-0.0514,-0.016402,0.032472,0.36402,0.8024,0.82061,0.39805,0.058227,-0.0062228,-0.025065,-0.052567,-0.032202,0.023825,0.34986,0.80317,0.82975,0.38224,0.040734,-0.020274,-0.041962
-0.066066,-0.026323,0.011033,0.35553,0.7971,0.81323,0.36955,0.03774,9.4734e-06,-0.021985,-0.05249,-0.032182,0.024705,0.35206,0.80498,0.82811,0.37998,0.039786,-0.020271,-0.042115
-0.035936,-0.042648,0.10608,0.53567,0.91172,0.67522,0.20198,-0.027273,-0.010963,-0.05502,-0.042368,-0.028891,0.12239,0.53777,0.90252,0.664,0.21285,-0.0093448,-0.02349,-0.048735
-0.036113,-0.0089537,0.0287,0.3464,0.80413,0.81109,0.35754,0.038412,-0.02129,-0.060759,-0.052331,-0.032144,0.026492,0.35649,0.80858,0.82479,0.37546,0.037915,-0.020267,-0.042417
-0.07892,0.031678,0.35552,0.79676,0.80205,0.35315,0.012634,-0.024788,0.011615,0.0078504,-0.031924,0.030053,0.36522,0.81547,0.81785,0.36632,0.034395,-0.02011,-0.042853,-0.030355
-0.035066,0.0064324,0.055039,0.39407,0.8245,0.81978,0.37108,0.022801,-0.041242,-0.059217,-0.052164,-0.032108,0.028313,0.36092,0.81213,0.82143,0.37096,0.03608,-0.020265,-0.042715
-0.030797,-0.020965,0.15485,0.57703,0.91424,0.62505,0.17787,-0.031904,-0.032629,-0.022403,-0.040656,-0.027258,0.14144,0.56651,0.90743,0.6358,0.19072,-0.012749,-0.024791,-0.048513
-0.041403,-0.0038437,0.19187,0.58704,0.87291,0.55007,0.11793,-0.0069094,-0.023184,-0.029194,-0.0373,-0.021593,0.18612,0.62849,0.90829,0.57357,0.14604,-0.017544,-0.028309,-0.046821
-0.037667,-0.008809,0.034389,0.35117,0.80514,0.83088,0.38119,0.041879,-0.010199,-0.026538,-0.052248,-0.032126,0.027399,0.3587,0.81036,0.82312,0.37321,0.036993,-0.020266,-0.042567
-0.05805,-0.05371,0.20564,0.68143,0.88388,0.50685,0.087675,-0.04112,-0.024101,-0.03472,-0.034615,-0.011748,0.23695,0.69112,0.89509,0.50856,0.10493,-0.019727,-0.032701,-0.043377
-0.028012,-0.015458,0.03767,0.36585,0.79427,0.81602,0.37988,0.029877,-0.041443,-0.03662,-0.052642,-0.032222,0.022952,0.34765,0.80134,0.83137,0.38451,0.041692,-0.020277,-0.041808
-0.043175,0.002882,0.17101,0.58581,0.90486,0.63303,0.16151,-0.020573,-0.0042946,-0.038448,-0.040517,-0.027097,0.14307,0.56891,0.90771,0.63343,0.18891,-0.012995,-0.02491,-0.048478
-0.034883,0.0042649,0.31585,0.7822,0.81853,0.35699,0.025077,-0.019601,-0.049626,-0.034492,-0.032186,0.018613,0.33656,0.79189,0.83914,0.39575,0.046714,-0.020152,-0.040879,-0.033628
-0.042028,-0.0040453,0.21352,0.65374,0.90079,0.54592,0.14154,-0.0057865,-0.03474,-0.046747,-0.035219,-0.014746,0.22338,0.67515,0.89987,0.52538,0.11504,-0.019369,-0.031514,-0.044427
-0.056648,-0.01033,0.2888,0.72186,0.83915,0.43601,0.070895,0.00013978,-0.0038843,-0.036696,-0.033312,-0.0018645,0.27509,0.73312,0.8776,0.46328,0.079522,-0.020189,-0.035998,-0.040017
-0.033121,-0.0026493,0.037929,0.34863,0.81519,0.84625,0.38657,0.019989,-0.016884,-0.022445,-0.052248,-0.032126,0.027399,0.3587,0.81036,0.82312,0.37321,0.036993,-0.020266,-0.042567
-0.032057,-0.0028512,0.11405,0.45608,0.84498,0.77716,0.33953,0.02802,-0.039972,-0.061497,-0.04928,-0.031664,0.056231,0.42214,0.85484,0.77128,0.31168,0.014681,-0.020536,-0.046153
-0.037463,-0.056387,0.059285,0.47544,0.89368,0.7022,0.23736,-0.018994,-0.030705,-0.064947,-0.045294,-0.030603,0.09306,0.49008,0.88821,0.70966,0.25165,-0.0016516,-0.02183,-0.048332
-0.021823,-0.0063991,0.31895,0.78124,0.82682,0.41125,0.053925,0.00416,-0.019201,-0.022376,-0.03221,0.017792,0.33438,0.79,0.84068,0.39804,0.047723,-0.020158,-0.04072,-0.033871
-0.0070014,0.066815,0.39583,0.84452,0.79231,0.34323,0.013565,-0.026976,-0.054144,-0.063941,-0.031648,0.048275,0.40589,0.84459,0.78489,0.32662,0.019755,-0.020237,-0.045219,-0.025491
-0.049532,0.035967,0.37944,0.80568,0.83308,0.35547,0.0060311,-0.016137,-0.029495,-0.044474,-0.032094,0.021981,0.34531,0.79935,0.83283,0.38663,0.042766,-0.020133,-0.041506,-0.032645
-0.064823,-0.061924,0.13766,0.57566,0.88482,0.61282,0.18082,0.0032011,-0.020633,-0.036187,-0.039561,-0.025853,0.1547,0.58566,0.90912,0.61677,0.17647,-0.014572,-0.025778,-0.048168
-0.033264,-0.01703,0.051314,0.38536,0.83651,0.76949,0.34846,0.027611,-0.027666,-0.049108,-0.050584,-0.031855,0.044107,0.39692,0.83866,0.7927,0.33547,0.022648,-0.020342,-0.044894
-0.040072,0.014883,0.30378,0.72956,0.82316,0.39658,0.069953,-0.03554,-0.035586,-0.040382,-0.032906,0.0031097,0.29168,0.75006,0.86833,0.44442,0.069741,-0.02023,-0.037384,-0.038396
-0.06724,-0.031758,0.24354,0.7029,0.88803,0.52176,0.11853,-0.0013128,-0.0087105,-0.0053128,-0.034865,-0.013073,0.2311,0.68431,0.89725,0.51576,0.10921,-0.019588,-0.032189,-0.04384
-0.032357,0.024073,0.35343,0.78127,0.78098,0.33962,0.059034,0.0060707,-0.033504,-0.034734,-0.031958,0.028199,0.36077,0.81197,0.82127,0.37081,0.036194,-0.020111,-0.042562,-0.030872
-0.041839,-0.0050321,0.30329,0.7345,0.84679,0.43174,0.071074,-0.016722,-0.043729,-0.030433,-0.032953,0.0024605,0.28959,0.74797,0.86955,0.44677,0.070933,-0.020228,-0.037212,-0.038605
-0.067374,-0.056901,-0.018341,0.37279,0.8371,0.81022,0.35004,0.0081237,-0.03246,-0.065094,-0.050359,-0.031824,0.046234,0.40148,0.84174,0.7889,0.33111,0.021123,-0.020367,-0.045138
-0.041902,-0.015314,0.27782,0.7592,0.84705,0.39761,0.042489,-0.039,-0.066987,-0.047391,-0.032408,0.01228,0.31924,0.77646,0.85106,0.41414,0.055031,-0.020196,-0.039583,-0.035526
-0.056249,-0.045707,0.12107,0.55331,0.91383,0.65839,0.19699,-0.017408,-0.026414,-0.057549,-0.042368,-0.028891,0.12239,0.53777,0.90252,0.664,0.21285,-0.0093448,-0.02349,-0.048735
-0.041135,-0.0042198,0.21625,0.66264,0.94059,0.54017,0.096738,-0.017455,-0.027722,-0.026315,-0.036092,-0.018128,0.20632,0.65432,0.90462,0.54705,0.12861,-0.018711,-0.030031,-0.045618
-0.0036555,0.041026,0.35816,0.80835,0.852,0.40399,0.040799,-0.027639,-0.028039,-0.028526,-0.032186,0.018613,0.33656,0.79189,0.83914,0.39575,0.046714,-0.020152,-0.040879,-0.033628
-0.034261,-0.0081497,0.20795,0.66128,0.88814,0.50812,0.12968,0.009937,0.013944,-0.018924,-0.035404,-0.015542,0.21955,0.67055,0.90106,0.53019,0.118,-0.019243,-0.031179,-0.044707
-0.02706,0.029019,0.34328,0.78091,0.83665,0.4353,0.09477,-0.0026721,-0.048322,-0.045291,-0.032473,0.01078,0.31495,0.7725,0.85389,0.41877,0.057198,-0.020206,-0.039251,-0.035986
-0.047881,-0.075236,0.13541,0.58931,0.90657,0.59032,0.15622,-0.035509,-0.057027,-0.09804,-0.038141,-0.023445,0.17365,0.61189,0.90938,0.59041,0.1576,-0.016559,-0.027278,-0.047438
-0.040136,0.038501,0.39566,0.81862,0.78224,0.34112,0.050845,0.014233,-0.036594,-0.036869,-0.031725,0.042935,0.39449,0.83695,0.79442,0.33752,0.023544,-0.020171,-0.044611,-0.026876
-0.07638,-0.046548,0.24611,0.69249,0.91446,0.51558,0.088742,-0.050253,-0.040589,-0.042209,-0.034952,-0.013501,0.22916,0.68202,0.89793,0.51816,0.11066,-0.019537,-0.03202,-0.04399
-0.017314,0.024429,0.38586,0.84569,0.79794,0.32172,-0.00091566,-0.055402,-0.068143,-0.043318,-0.031725,0.042935,0.39449,0.83695,0.79442,0.33752,0.023544,-0.020171,-0.044611,-0.026876
-0.021866,-0.012292,0.24783,0.68446,0.91468,0.52491,0.11329,0.00091696,-0.0093997,-0.040368,-0.035789,-0.017058,0.21195,0.6613,0.90321,0.53982,0.12401,-0.018957,-0.030519,-0.045241
-0.053272,-0.052743,-0.0077862,0.34644,0.7962,0.79715,0.38648,0.077852,0.014438,-0.041384,-0.051809,-0.03204,0.032057,0.36984,0.81907,0.81454,0.362,0.032514,-0.020267,-0.043294
-0.065711,-0.060052,0.17047,0.61812,0.89792,0.57536,0.17384,0.0096398,-0.018402,-0.040025,-0.038017,-0.023196,0.17541,0.61427,0.90929,0.58801,0.15593,-0.016712,-0.027422,-0.047357
-0.027887,0.035376,0.37015,0.82491,0.79943,0.36954,0.033674,-0.010154,-0.016081,-0.0030141,-0.031814,0.036809,0.38091,0.82731,0.80548,0.35073,0.028371,-0.020125,-0.04383,-0.028505
-0.050481,-0.017216,0.30652,0.76921,0.82805,0.40363,0.036324,-0.043149,-0.072376,-0.058226,-0.032377,0.013043,0.32139,0.77842,0.84962,0.41183,0.053961,-0.020191,-0.039748,-0.035294
-0.052455,-0.039994,-0.011671,0.29527,0.71761,0.78988,0.37248,0.03926,0.00058972,-0.02601,-0.052987,-0.032333,0.018717,0.3367,0.79204,0.83928,0.3959,0.04661,-0.020295,-0.041022
-0.018017,-0.019397,0.193,0.61529,0.89922,0.59468,0.16682,-0.011078,-0.01857,-0.023107,-0.038517,-0.02416,0.1684,0.60476,0.90955,0.59762,0.16267,-0.016073,-0.026854,-0.047666
-0.033642,0.0093472,0.26958,0.72591,0.87698,0.45612,0.078981,0.0055485,-0.041053,-0.07196,-0.033203,-0.00066764,0.27921,0.7374,0.87538,0.45855,0.077025,-0.020205,-0.036346,-0.039623
-0.032015,-0.0064024,0.087637,0.45077,0.86906,0.70075,0.24225,-0.017056,0.010208,-0.032644,-0.047292,-0.031261,0.074412,0.45705,0.87387,0.74023,0.28012,0.0054179,-0.021049,-0.047502
-0.0068336,0.012224,0.2453,0.69395,0.87017,0.47589,0.10303,-0.010814,-0.038545,-0.051674,-0.03478,-0.012638,0.23305,0.68658,0.89655,0.51336,0.10777,-0.019637,-0.03236,-0.043688
-0.010552,0.01882,0.30302,0.75263,0.85376,0.441,0.060301,-0.011569,-0.038152,-0.034775,-0.032578,0.0085908,0.30855,0.76649,0.85802,0.42573,0.060514,-0.020218,-0.038748,-0.036663
0.002397,0.047179,0.35906,0.7849,0.84371,0.42407,0.069578,0.0083637,-0.015549,-0.025367,-0.03221,0.017792,0.33438,0.79,0.84068,0.39804,0.047723,-0.020158,-0.04072,-0.033871
-0.028631,-0.0074895,0.14093,0.52443,0.89396,0.65036,0.22137,-0.00036466,-0.0087606,-0.045682,-0.042659,-0.029114,0.11932,0.53299,0.90143,0.66865,0.21663,-0.0086936,-0.023295,-0.048738
-0.06902,-0.042838,0.010257,0.3572,0.82781,0.77466,0.32669,-0.007567,-0.058719,-0.10314,-0.051122,-0.031932,0.038936,0.38558,0.83074,0.802,0.34646,0.026608,-0.020296,-0.044254
-0.073441,-0.010431,0.052602,0.3079,0.76831,0.86966,0.42244,0.04116,-0.035276,-0.029526,-0.053521,-0.032613,0.010871,0.31508,0.77263,0.85401,0.41891,0.057107,-0.020334,-0.039378
-0.041789,-0.0052141,0.090153,0.44348,0.84739,0.72862,0.31117,0.030735,0.0085414,-0.034543,-0.04743,-0.031295,0.073142,0.45471,0.87271,0.74236,0.28219,0.0059798,-0.021005,-0.047426
-0.052377,-0.049053,0.098803,0.51364,0.9076,0.71658,0.26328,-0.0077972,-0.03714,-0.070329,-0.044417,-0.030201,0.10153,0.50434,0.89329,0.69618,0.23977,-0.0042437,-0.02226,-0.048553
-0.022959,0.0030741,0.26542,0.65674,0.85791,0.49667,0.11831,-0.0026464,0.0031278,-0.0043892,-0.034865,-0.013073,0.2311,0.68431,0.89725,0.51576,0.10921,-0.019588,-0.032189,-0.04384
0.0034846,0.025659,0.23649,0.67271,0.90078,0.55169,0.1462,0.0046971,0.001607,-0.0053884,-0.035594,-0.016313,0.21574,0.66593,0.90217,0.535,0.12099,-0.019106,-0.030848,-0.044978
-0.042851,0.011446,0.2655,0.71833,0.89532,0.51325,0.12591,-0.026852,-0.030107,-0.010155,-0.034077,-0.0084123,0.25079,0.70685,0.88941,0.49181,0.095216,-0.019972,-0.033909,-0.042224
-0.047238,-0.0051688,0.050984,0.35508,0.80666,0.85875,0.40815,0.022569,-0.043519,-0.04958,-0.052855,-0.032287,0.020386,0.34107,0.79579,0.83616,0.39133,0.044616,-0.020287,-0.041339
-0.063015,-0.037226,0.215,0.68883,0.93247,0.55169,0.10828,-0.064632,-0.045938,-0.064928,-0.035691,-0.016688,0.21384,0.66361,0.9027,0.53741,0.1225,-0.019033,-0.030683,-0.045111
-0.052856,-0.020075,0.0602,0.38672,0.81101,0.8143,0.36889,0.053125,-0.014691,-0.023408,-0.052164,-0.032108,0.028313,0.36092,0.81213,0.82143,0.37096,0.03608,-0.020265,-0.042715
-0.056177,-0.056669,0.020143,0.38455,0.84606,0.78797,0.35435,0.04284,-0.015809,-0.054461,-0.050803,-0.031886,0.042013,0.39238,0.83553,0.79645,0.33986,0.024206,-0.020321,-0.044643
-0.03467,-0.032902,0.04103,0.4133,0.85365,0.74562,0.28798,0.014725,-0.034681,-0.06594,-0.048245,-0.031477,0.065693,0.44069,0.86544,0.75496,0.29472,0.0095163,-0.020771,-0.046929
-0.010713,0.0015495,0.18989,0.63076,0.88355,0.55381,0.12798,0.0018068,-0.0052114,-0.048634,-0.036733,-0.020106,0.19521,0.64027,0.90692,0.56152,0.138,-0.018128,-0.029077,-0.046309
-0.023007,-0.013402,0.045691,0.39577,0.80851,0.82337,0.34728,-0.024592,-0.07693,-0.073418,-0.051426,-0.031977,0.035937,0.37882,0.82582,0.80745,0.35309,0.029087,-0.020279,-0.043851
-0.054352,0.017082,0.27509,0.69799,0.87556,0.484,0.085073,-0.042264,-0.047318,-0.023239,-0.03415,-0.0089101,0.2488,0.70462,0.89027,0.4942,0.096578,-0.019943,-0.033735,-0.042395
-0.0083992,0.020621,0.25078,0.70693,0.89148,0.46264,0.053677,-0.065422,-0.058116,-0.052674,-0.034376,-0.010361,0.24285,0.69789,0.89277,0.50137,0.10072,-0.019844,-0.033217,-0.042895
-0.04004,-0.043025,0.10499,0.5414,0.91686,0.67258,0.19784,-0.01073,0.00020732,-0.020403,-0.043244,-0.029523,0.11327,0.52342,0.89902,0.6779,0.22425,-0.0073154,-0.022924,-0.048714
-0.052414,-0.038614,0.12,0.53062,0.89076,0.66066,0.1924,-0.032475,-0.016867,-0.047306,-0.042805,-0.029221,0.1178,0.53059,0.90085,0.67097,0.21852,-0.0083586,-0.0232,-0.048736
-0.017807,0.019041,0.14664,0.53152,0.91973,0.68586,0.24041,0.010713,-0.017483,-0.033986,-0.043683,-0.029798,0.10881,0.51626,0.89701,0.68479,0.23003,-0.0062136,-0.022663,-0.048672
-0.027249,-0.008684,0.16685,0.59089,0.89574,0.63548,0.21351,0.01276,-0.0069505,-0.035234,-0.041361,-0.028003,0.13338,0.55454,0.90572,0.64761,0.19983,-0.011432,-0.024222,-0.048648
-0.049046,-0.026926,0.064767,0.43774,0.87331,0.74843,0.27628,-0.0084949,-0.047515,-0.050267,-0.04743,-0.031295,0.073142,0.45471,0.87271,0.74236,0.28219,0.0059798,-0.021005,-0.047426
-0.040547,-0.015206,0.31716,0.77082,0.89582,0.47273,0.086233,-0.019164,-0.028877,-0.082186,-0.033,0.0018192,0.28751,0.74587,0.87075,0.44912,0.072134,-0.020225,-0.037039,-0.038812
-0.03661,0.019877,0.095907,0.43817,0.85137,0.73224,0.25907,-0.015524,-0.021554,-0.022458,-0.04851,-0.031529,0.063277,0.43604,0.86288,0.7591,0.29893,0.010759,-0.020704,-0.046747
-0.035312,0.072364,0.42597,0.84725,0.78231,0.31318,5.1401e-05,-0.020314,-0.02094,-0.0007562,-0.03174,0.041892,0.39222,0.83538,0.79629,0.33971,0.024327,-0.020161,-0.044485,-0.02715
-0.042676,-0.020725,0.068837,0.43703,0.87314,0.83689,0.36421,0.017877,0.011545,-0.0095236,-0.050584,-0.031855,0.044107,0.39692,0.83866,0.7927,0.33547,0.022648,-0.020342,-0.044894
-0.025885,-0.0044915,0.25779,0.71324,0.9106,0.51139,0.10619,-0.0082203,-0.021776,-0.026814,-0.034697,-0.012197,0.235,0.68886,0.89583,0.51096,0.10635,-0.019683,-0.03253,-0.043533
-0.050397,-0.054118,0.12701,0.56864,0.91144,0.63353,0.17234,-0.032964,-0.062813,-0.070135,-0.039294,-0.025458,0.15809,0.59044,0.90935,0.612,0.17298,-0.014976,-0.026039,-0.048057
-0.035063,0.040223,0.37796,0.83206,0.77528,0.32594,0.013886,-0.049368,-0.067602,-0.054393,-0.031754,0.040859,0.38995,0.83379,0.79815,0.3419,0.025119,-0.020152,-0.044357,-0.027423
-0.046042,-0.035588,0.012132,0.35144,0.79813,0.85682,0.41539,0.024704,-0.052274,-0.061319,-0.053226,-0.032435,0.015479,0.328,0.78439,0.84535,0.40506,0.050703,-0.020312,-0.040375
-0.031846,-0.0066468,0.12875,0.52785,0.89839,0.67418,0.21776,-0.014624,0.0042336,-0.043503,-0.042951,-0.029325,0.11628,0.5282,0.90026,0.67329,0.22043,-0.0080173,-0.023106,-0.048731
-0.056969,0.02908,0.40446,0.85462,0.82441,0.35576,0.010129,-0.039809,-0.036912,-0.0053682,-0.031754,0.040859,0.38995,0.83379,0.79815,0.3419,0.025119,-0.020152,-0.044357,-0.027423
-0.027797,0.046585,0.33676,0.78815,0.84268,0.41944,0.060786,0.01489,-0.0021095,-0.022932,-0.032013,0.025483,0.35412,0.80663,0.8263,0.37757,0.038958,-0.020118,-0.042116,-0.03164
-0.028052,-0.012288,0.19734,0.65303,0.87651,0.52301,0.094981,0.023417,-0.020566,-0.021728,-0.034865,-0.013073,0.2311,0.68431,0.89725,0.51576,0.10921,-0.019588,-0.032189,-0.04384
-0.043731,0.0029513,0.1206,0.46596,0.83573,0.75764,0.3038,0.028226,0.0050447,-0.01798,-0.04928,-0.031664,0.056231,0.42214,0.85484,0.77128,0.31168,0.014681,-0.020536,-0.046153
-0.017894,0.069857,0.41903,0.85741,0.77831,0.31524,0.011351,-0.011867,-0.020474,0.018053,-0.031754,0.040859,0.38995,0.83379,0.79815,0.3419,0.025119,-0.020152,-0.044357,-0.027423
-0.022002,0.044181,0.36195,0.78547,0.83213,0.41989,0.059858,0.0096751,-0.045173,-0.036614,-0.03221,0.017792,0.33438,0.79,0.84068,0.39804,0.047723,-0.020158,-0.04072,-0.033871
-0.021567,-0.025046,0.095901,0.47381,0.8567,0.70115,0.25817,0.011323,-0.023608,-0.051478,-0.046305,-0.030975,0.083537,0.47352,0.88147,0.72512,0.26576,0.0016998,-0.021401,-0.047971
-0.039703,-0.031391,-0.012454,0.30511,0.74953,0.7816,0.36486,0.049459,-0.021114,-0.033298,-0.053383,-0.03252,0.013138,0.32152,0.77856,0.84975,0.41197,0.053866,-0.020324,-0.03988
-0.045003,-0.035793,0.16257,0.61378,0.89203,0.56868,0.16069,-0.0016383,-0.006975,-0.047451,-0.037895,-0.022942,0.17718,0.61664,0.90917,0.58561,0.15426,-0.016861,-0.027567,-0.047274
-0.023285,-0.014608,0.092554,0.44535,0.84232,0.70901,0.26405,-0.017446,-0.017507,-0.043998,-0.047977,-0.031421,0.068143,0.44535,0.86793,0.75079,0.29052,0.0083058,-0.020843,-0.047103
-0.061477,-0.03662,0.066712,0.43981,0.85669,0.73961,0.25236,-0.022126,-0.04489,-0.057273,-0.04659,-0.031065,0.080889,0.4688,0.87938,0.72947,0.26984,0.0027241,-0.021293,-0.047848
-0.057411,-0.017134,0.026341,0.31308,0.74613,0.81844,0.39504,0.035797,-0.033422,-0.042713,-0.053477,-0.032581,0.011618,0.31722,0.77461,0.85261,0.41659,0.056018,-0.02033,-0.039546
-0.048722,-0.011408,0.16773,0.57795,0.92566,0.63481,0.19914,-0.020698,-0.016781,-0.036393,-0.040378,-0.026932,0.14471,0.5713,0.90797,0.63106,0.18712,-0.013236,-0.025029,-0.048441
-0.04765,-0.015251,0.17476,0.60406,0.89029,0.5408,0.10982,-0.059308,-0.040123,-0.053008,-0.037184,-0.021307,0.18792,0.63085,0.90806,0.57116,0.14442,-0.017669,-0.02846,-0.046723
-0.069319,-0.056496,0.019088,0.33031,0.77764,0.81211,0.38866,0.02752,-0.031951,-0.029288,-0.052855,-0.032287,0.020386,0.34107,0.79579,0.83616,0.39133,0.044616,-0.020287,-0.041339
-0.033984,-0.0039782,0.30154,0.76077,0.86972,0.41291,0.044071,-0.015887,-0.026532,-0.057172,-0.032473,0.01078,0.31495,0.7725,0.85389,0.41877,0.057198,-0.020206,-0.039251,-0.035986
-0.018055,-0.029927,0.012685,0.34093,0.81714,0.86179,0.3975,0.040618,-0.024286,-0.065637,-0.053333,-0.032491,0.01391,0.32368,0.78051,0.8483,0.40967,0.052803,-0.02032,-0.040046
-0.019396,0.00028808,0.16128,0.58065,0.92446,0.67943,0.23354,-0.024582,-0.011913,-0.054285,-0.041504,-0.028141,0.13179,0.55214,0.90532,0.64996,0.20167,-0.011152,-0.024113,-0.048668
-0.027932,-0.0099485,0.322,0.81378,0.83447,0.36423,0.026373,-0.035634,-0.064048,-0.05544,-0.031994,0.02638,0.35633,0.80843,0.82464,0.37531,0.038028,-0.020115,-0.042266,-0.031385
-0.038463,-0.042195,0.20747,0.6461,0.89847,0.56727,0.14813,-0.0026151,-0.00069716,-0.029301,-0.036196,-0.018473,0.20445,0.65198,0.90506,0.54946,0.13016,-0.018622,-0.02987,-0.045739
-0.022185,0.046888,0.4039,0.84454,0.82572,0.35763,0.058217,-0.00053186,-0.034215,-0.043451,-0.031976,0.027286,0.35855,0.8102,0.82296,0.37306,0.037106,-0.020113,-0.042415,-0.03113
-0.048514,-0.052891,0.070509,0.45865,0.83869,0.68239,0.23784,0.00015821,0.0033983,-0.036169,-0.046731,-0.031107,0.079577,0.46645,0.87831,0.73164,0.27188,0.0032476,-0.021241,-0.047783
-0.066953,-0.0025137,0.33125,0.7751,0.88138,0.42285,0.06875,-0.0055915,-0.01731,-0.019604,-0.032507,0.010042,0.31282,0.7705,0.85528,0.42109,0.058295,-0.02021,-0.039084,-0.036213
-0.060039,0.016216,0.36276,0.79628,0.8244,0.34099,0.0045111,-0.049884,-0.050467,-0.013764,-0.031924,0.030053,0.36522,0.81547,0.81785,0.36632,0.034395,-0.02011,-0.042853,-0.030355
-0.042224,-0.0086086,0.30652,0.76989,0.8873,0.44327,0.086153,-0.022206,-0.038942,-0.034319,-0.032473,0.01078,0.31495,0.7725,0.85389,0.41877,0.057198,-0.020206,-0.039251,-0.035986
-0.061481,-0.051918,0.015028,0.34881,0.79171,0.88636,0.44187,0.056468,-0.0087643,-0.017095,-0.053477,-0.032581,0.011618,0.31722,0.77461,0.85261,0.41659,0.056018,-0.02033,-0.039546
-0.040992,-0.046105,-0.0086441,0.32917,0.81764,0.84552,0.36399,0.0032611,-0.047656,-0.06013,-0.052922,-0.032309,0.019547,0.33888,0.79392,0.83773,0.39361,0.045609,-0.020291,-0.041181
-0.045091,-0.033441,0.071645,0.41789,0.86659,0.79091,0.32697,0.059316,0.0096266,-0.022901,-0.050244,-0.031807,0.047311,0.40376,0.84325,0.78698,0.32893,0.020374,-0.020381,-0.045258
-0.035103,0.0027399,0.1872,0.60116,0.91399,0.62534,0.15433,0.00032066,0.025071,-0.026491,-0.04024,-0.026763,0.14636,0.5737,0.90821,0.62868,0.18533,-0.013472,-0.025151,-0.048402
-0.038271,-0.045395,0.11444,0.548,0.90228,0.65249,0.20831,0.004653,-0.011667,-0.048824,-0.040936,-0.027568,0.13819,0.56172,0.9068,0.64053,0.19434,-0.012239,-0.024559,-0.048574
-0.038313,-0.029343,0.12877,0.54732,0.90652,0.66995,0.2317,0.019917,-0.0075275,-0.02527,-0.041934,-0.028532,0.12706,0.54495,0.90401,0.657,0.20723,-0.010275,-0.023794,-0.048712
-0.044635,-0.02789,0.20961,0.6757,0.92554,0.54245,0.1103,-0.01161,-0.012751,-0.034046,-0.035039,-0.013923,0.22723,0.67974,0.8986,0.52057,0.11211,-0.019484,-0.031851,-0.044138
-0.019898,0.043362,0.36343,0.80885,0.8039,0.33452,-0.00018769,-0.025106,-0.012524,0.00083425,-0.031799,0.037809,0.38316,0.82895,0.80367,0.34852,0.027545,-0.020131,-0.043964,-0.028236
-0.030788,0.023251,0.35315,0.80939,0.82883,0.40251,0.072593,-0.013329,-0.027067,-0.037181,-0.032073,0.022843,0.3475,0.80119,0.83122,0.38436,0.041801,-0.020128,-0.04166,-0.032396
-0.032293,0.0022864,0.31487,0.77468,0.88368,0.45681,0.057166,-0.024957,-0.077801,-0.047497,-0.033049,0.0011858,0.28543,0.74377,0.87193,0.45148,0.073344,-0.020222,-0.036866,-0.039018
-0.015045,-0.0021796,0.20968,0.65627,0.94707,0.59942,0.17245,-0.004232,-0.049497,-0.059226,-0.037184,-0.021307,0.18792,0.63085,0.90806,0.57116,0.14442,-0.017669,-0.02846,-0.046723
-0.044119,-0.038321,0.051772,0.42517,0.86809,0.80536,0.33542,0.0089028,-0.025702,-0.045321,-0.050128,-0.031791,0.048396,0.40605,0.84475,0.78505,0.32676,0.019633,-0.020397,-0.045376
-0.03832,-0.045378,0.10792,0.52872,0.89511,0.67694,0.23404,0.020869,-0.010717,-0.051133,-0.04383,-0.029884,0.10734,0.51387,0.8963,0.68708,0.23197,-0.0058331,-0.022579,-0.048653
-0.028533,-0.025332,0.088275,0.44438,0.84785,0.72152,0.27673,-0.014095,-0.021067,-0.02693,-0.047292,-0.031261,0.074412,0.45705,0.87387,0.74023,0.28012,0.0054179,-0.021049,-0.047502
-0.047596,0.015474,0.38856,0.81057,0.76224,0.32161,0.020196,-0.019419,-0.03392,-0.03933,-0.031679,0.046113,0.40132,0.84158,0.78873,0.33097,0.021245,-0.020208,-0.04498,-0.026048
-0.054542,-0.024774,0.15798,0.57967,0.90692,0.60126,0.166,0.0017247,0.017781,0.000532,-0.039695,-0.026044,0.15302,0.58327,0.90898,0.61916,0.17823,-0.014362,-0.02565,-0.04822
-0.042156,-0.029443,0.1563,0.61047,0.92198,0.6372,0.18351,-0.011646,-0.020518,-0.036316,-0.038902,-0.02483,0.16322,0.5976,0.90954,0.60481,0.16779,-0.015546,-0.026441,-0.047873
0.017969,0.01238,0.18722,0.55291,0.87614,0.62115,0.20644,-0.019329,-0.03082,-0.078858,-0.039163,-0.025253,0.15979,0.59283,0.90943,0.6096,0.17124,-0.015171,-0.026172,-0.047998
-0.078465,-0.019697,0.053129,0.37943,0.81894,0.86498,0.38659,0.056251,-0.029739,-0.05539,-0.05249,-0.032182,0.024705,0.35206,0.80498,0.82811,0.37998,0.039786,-0.020271,-0.042115
-0.039766,0.018514,0.35591,0.79876,0.79014,0.30089,-0.030895,-0.061212,-0.051403,-0.01405,-0.032052,0.023715,0.34971,0.80302,0.8296,0.38209,0.040844,-0.020124,-0.041813,-0.032145
-0.042764,0.010831,0.34343,0.78409,0.84129,0.39834,0.037374,-0.065459,-0.067539,-0.031309,-0.032162,0.019442,0.33874,0.79377,0.83758,0.39346,0.045714,-0.020147,-0.041038,-0.033385
-0.044224,-0.051636,0.0050785,0.34656,0.79342,0.82769,0.40368,0.027583,-0.041986,-0.058211,-0.052642,-0.032222,0.022952,0.34765,0.80134,0.83137,0.38451,0.041692,-0.020277,-0.041808
-0.081518,-0.055485,0.14412,0.61221,0.91861,0.57757,0.13925,-0.039787,-0.043654,-0.048454,-0.038772,-0.024612,0.16494,0.59999,0.90956,0.60242,0.16608,-0.015726,-0.026577,-0.047806
-0.013576,0.03852,0.36853,0.78593,0.82911,0.40112,0.069771,-0.0021342,-0.021859,-0.035679,-0.032507,0.010042,0.31282,0.7705,0.85528,0.42109,0.058295,-0.02021,-0.039084,-0.036213
-0.058022,-0.017195,0.062674,0.44944,0.87322,0.75639,0.28636,-0.00043467,-0.0084975,-0.05027,-0.047977,-0.031421,0.068143,0.44535,0.86793,0.75079,0.29052,0.0083058,-0.020843,-0.047103
-0.026047,-0.0077483,0.14196,0.57353,0.91203,0.64492,0.21932,-0.014085,-0.028908,-0.059558,-0.04179,-0.028405,0.12863,0.54735,0.90446,0.65465,0.20537,-0.010574,-0.023899,-0.0487
-0.029399,0.064392,0.42742,0.84198,0.80459,0.33788,0.038477,-0.0093061,-0.033203,-0.017285,-0.031632,0.049369,0.40818,0.84608,0.78295,0.32445,0.019022,-0.020254,-0.045335,-0.025212
-0.087824,-0.049371,0.10674,0.52226,0.8935,0.69994,0.25326,-0.0021199,-0.036594,-0.07049,-0.044124,-0.030048,0.10442,0.5091,0.89483,0.69164,0.23586,-0.005052,-0.022416,-0.048607
-0.054616,-0.036757,0.13826,0.54718,0.88083,0.65762,0.21424,-0.021503,-0.030825,-0.061661,-0.043537,-0.029709,0.11029,0.51865,0.8977,0.6825,0.2281,-0.0065874,-0.022748,-0.048688
-0.015399,-0.01174,0.085622,0.45418,0.8813,0.73841,0.29618,0.024957,-0.025641,-0.039657,-0.04659,-0.031065,0.080889,0.4688,0.87938,0.72947,0.26984,0.0027241,-0.021293,-0.047848
-0.044105,-0.019462,0.063596,0.44088,0.83686,0.73824,0.26422,0.014225,-0.0066817,-0.043331,-0.049529,-0.031703,0.05395,0.41753,0.85203,0.77527,0.31597,0.016054,-0.02049,-0.04594
-0.070226,-0.026414,0.25196,0.70139,0.88844,0.50953,0.11654,0.0075768,-0.015422,-0.027039,-0.034697,-0.012197,0.235,0.68886,0.89583,0.51096,0.10635,-0.019683,-0.03253,-0.043533
0.0055034,0.08793,0.43774,0.84696,0.7728,0.32172,0.04425,0.0028802,-0.016319,-0.015066,-0.031648,0.048275,0.40589,0.84459,0.78489,0.32662,0.019755,-0.020237,-0.045219,-0.025491
-0.048215,-0.04106,0.080902,0.45672,0.8924,0.73653,0.29063,-0.01857,-0.023293,-0.044204,-0.047013,-0.031187,0.076978,0.46175,0.87612,0.73595,0.27599,0.0043174,-0.021142,-0.047647
-0.054278,-0.043642,0.23921,0.7166,0.9353,0.55442,0.13317,0.0071451,-0.019551,-0.044921,-0.03478,-0.012638,0.23305,0.68658,0.89655,0.51336,0.10777,-0.019637,-0.03236,-0.043688
-0.034452,-0.037707,0.13445,0.56399,0.88649,0.58747,0.15813,-0.040561,-0.020622,-0.056564,-0.039966,-0.026412,0.14968,0.57849,0.90864,0.62393,0.18177,-0.013927,-0.025397,-0.048316
-0.028236,-0.044339,0.19793,0.65052,0.93204,0.56242,0.1207,-0.029044,-0.019642,-0.031611,-0.036956,-0.020718,0.19155,0.63556,0.90753,0.56634,0.1412,-0.017906,-0.028767,-0.046521
-0.01743,-0.021377,0.13932,0.52492,0.90954,0.68702,0.22792,-0.012647,0.008432,-0.019015,-0.041077,-0.027717,0.13658,0.55933,0.90646,0.64289,0.19616,-0.011976,-0.024445,-0.048601
-0.029503,-0.01934,0.091455,0.54408,0.88486,0.67252,0.20979,-0.043256,-0.066229,-0.052212,-0.042079,-0.028655,0.1255,0.54256,0.90353,0.65934,0.2091,-0.0099713,-0.023691,-0.048722
-0.047889,0.017229,0.31236,0.75174,0.83464,0.40983,0.063832,-0.020832,-0.039189,-0.057012,-0.032578,0.0085908,0.30855,0.76649,0.85802,0.42573,0.060514,-0.020218,-0.038748,-0.036663
-0.055845,-0.0063737,0.24511,0.66818,0.84449,0.46329,0.11014,-0.014679,-0.029681,-0.022851,-0.033868,-0.0068753,0.2568,0.7135,0.8867,0.48465,0.091179,-0.020048,-0.03443,-0.041699
-0.0069482,-0.026807,0.099712,0.51315,0.88925,0.7061,0.25456,0.0039183,-0.0035548,-0.019831,-0.046018,-0.030879,0.086217,0.47824,0.88348,0.72073,0.2617,0.00070546,-0.021516,-0.048086
-0.059107,0.010787,0.36068,0.82523,0.82856,0.36518,0.023147,-0.050162,-0.057168,-0.044136,-0.031769,0.039833,0.38768,0.83219,0.8,0.3441,0.025919,-0.020144,-0.044227,-0.027695
-0.026209,0.037339,0.34177,0.78881,0.7921,0.34042,0.010909,-0.0058564,-0.028426,-0.0097616,-0.03194,0.029122,0.36299,0.81373,0.81957,0.36856,0.03529,-0.02011,-0.042708,-0.030614
-0.055322,-0.033881,0.20157,0.65558,0.88902,0.53043,0.1285,0.0048893,0.0071928,-0.026033,-0.035691,-0.016688,0.21384,0.66361,0.9027,0.53741,0.1225,-0.019033,-0.030683,-0.045111
-0.060525,0.0099292,0.28766,0.73044,0.86032,0.44648,0.075557,-0.042854,-0.036911,-0.029267,-0.033203,-0.00066764,0.27921,0.7374,0.87538,0.45855,0.077025,-0.020205,-0.036346,-0.039623
-0.06292,0.00099983,0.10656,0.45543,0.84288,0.75639,0.28951,-0.012994,-0.010876,-0.014962,-0.048245,-0.031477,0.065693,0.44069,0.86544,0.75496,0.29472,0.0095163,-0.020771,-0.046929
-0.015725,-0.017559,0.095584,0.51443,0.87533,0.64626,0.19801,0.0011691,-0.0039582,-0.012454,-0.04383,-0.029884,0.10734,0.51387,0.8963,0.68708,0.23197,-0.0058331,-0.022579,-0.048653
-0.025689,-0.0097476,0.022779,0.33369,0.79192,0.80151,0.38553,0.034416,-0.017332,-0.038401,-0.052331,-0.032144,0.026492,0.35649,0.80858,0.82479,0.37546,0.037915,-0.020267,-0.042417
-0.038412,0.016969,0.32907,0.77014,0.89026,0.45272,0.067085,-0.0014287,-0.0075243,-0.019215,-0.032653,0.0071722,0.30431,0.76243,0.86069,0.43039,0.062768,-0.020225,-0.03841,-0.037106
-0.06434,-0.023221,0.11897,0.53886,0.89099,0.64961,0.19273,-0.024629,-0.022863,-0.041062,-0.042079,-0.028655,0.1255,0.54256,0.90353,0.65934,0.2091,-0.0099713,-0.023691,-0.048722
-0.075922,-0.06078,0.14357,0.62042,0.91845,0.58645,0.15016,0.0050753,-0.0095367,-0.033771,-0.038772,-0.024612,0.16494,0.59999,0.90956,0.60242,0.16608,-0.015726,-0.026577,-0.047806
-0.057656,-0.016648,0.046031,0.42786,0.83073,0.76332,0.31507,0.033101,-0.00046365,-0.063127,-0.04928,-0.031664,0.056231,0.42214,0.85484,0.77128,0.31168,0.014681,-0.020536,-0.046153
-0.06922,-0.06412,0.1427,0.58793,0.92233,0.60538,0.15685,-0.028842,-0.042294,-0.058094,-0.038517,-0.02416,0.1684,0.60476,0.90955,0.59762,0.16267,-0.016073,-0.026854,-0.047666
-0.04366,-0.036656,0.077935,0.50009,0.90899,0.76031,0.27926,0.0070256,-0.035456,-0.039217,-0.047013,-0.031187,0.076978,0.46175,0.87612,0.73595,0.27599,0.0043174,-0.021142,-0.047647
-0.031793,-0.032148,0.20684,0.64259,0.91928,0.61934,0.18137,-0.0057536,-0.013346,-0.0019909,-0.037416,-0.021874,0.18432,0.62612,0.90851,0.57598,0.14767,-0.017416,-0.028158,-0.046916
-0.021026,-0.0096087,0.072203,0.44695,0.86451,0.73043,0.3161,0.026826,-0.013285,-0.040203,-0.046731,-0.031107,0.079577,0.46645,0.87831,0.73164,0.27188,0.0032476,-0.021241,-0.047783
-0.068825,-0.043565,0.040501,0.40643,0.84464,0.74819,0.30907,0.015624,-0.019457,-0.064326,-0.0489,-0.0316,0.059716,0.42907,0.85893,0.76523,0.30529,0.012683,-0.020614,-0.046459
0.0044848,0.011531,0.14871,0.56159,0.90765,0.62644,0.16268,-0.027656,-0.018652,-0.044687,-0.040517,-0.027097,0.14307,0.56891,0.90771,0.63343,0.18891,-0.012995,-0.02491,-0.048478
-0.043096,-0.0043543,0.2102,0.6686,0.93088,0.56949,0.13299,-0.026039,-0.018196,-0.045859,-0.036196,-0.018473,0.20445,0.65198,0.90506,0.54946,0.13016,-0.018622,-0.02987,-0.045739
-0.03771,0.0050189,0.27788,0.73035,0.88808,0.47688,0.097035,-0.041426,-0.047079,-0.052865,-0.033368,-0.0024515,0.27304,0.73096,0.87868,0.46564,0.080783,-0.020179,-0.035824,-0.040212
-0.025895,-0.0054648,0.25699,0.72602,0.92775,0.51579,0.10115,-0.018732,-0.053444,-0.035628,-0.034006,-0.0079072,0.25279,0.70907,0.88852,0.48942,0.093862,-0.019999,-0.034082,-0.042051
-0.032361,-0.0099829,0.21618,0.65973,0.91073,0.57043,0.11973,-0.046606,-0.07609,-0.084394,-0.036623,-0.019791,0.19705,0.64262,0.90659,0.55911,0.13642,-0.018234,-0.029234,-0.0462
-0.067433,-0.058873,0.053482,0.42308,0.8579,0.77738,0.3218,-0.002565,-0.057471,-0.058294,-0.0489,-0.0316,0.059716,0.42907,0.85893,0.76523,0.30529,0.012683,-0.020614,-0.046459
-0.035968,-0.037836,0.057471,0.45559,0.88548,0.73641,0.27043,-0.013326,-0.034507,-0.033952,-0.048111,-0.03145,0.066914,0.44302,0.86669,0.75288,0.29262,0.008907,-0.020806,-0.047017
-0.031514,0.020444,0.373,0.82012,0.81248,0.36533,0.041912,0.023176,-0.024104,-0.043921,-0.031976,0.027286,0.35855,0.8102,0.82296,0.37306,0.037106,-0.020113,-0.042415,-0.03113
-0.055413,-0.047324,0.12198,0.58858,0.94012,0.68704,0.20118,-0.017172,-0.023601,-0.070491,-0.04179,-0.028405,0.12863,0.54735,0.90446,0.65465,0.20537,-0.010574,-0.023899,-0.0487
-0.07952,-0.055636,0.064115,0.45896,0.87771,0.73493,0.25666,-0.021877,-0.047626,-0.0635,-0.046018,-0.030879,0.086217,0.47824,0.88348,0.72073,0.2617,0.00070546,-0.021516,-0.048086
-0.049262,-0.057669,0.0020427,0.31592,0.78121,0.84621,0.41248,0.067626,0.00032684,-0.030053,-0.053281,-0.032462,0.01469,0.32584,0.78246,0.84683,0.40736,0.051749,-0.020316,-0.040211
-0.073791,-0.038461,0.032211,0.36812,0.83071,0.82819,0.37549,0.041383,-0.0070098,-0.041742,-0.051524,-0.031993,0.034954,0.37657,0.82415,0.80924,0.35531,0.02993,-0.020275,-0.043714
-0.074772,-0.039333,0.034353,0.40272,0.8322,0.78282,0.32746,-0.00087862,-0.057676,-0.082386,-0.049651,-0.031721,0.052822,0.41523,0.8506,0.77724,0.31812,0.016753,-0.020469,-0.045831
-0.037999,-0.042739,0.0075284,0.36845,0.796,0.76367,0.30811,0.0023229,-0.032479,-0.06937,-0.050911,-0.031901,0.040979,0.39011,0.83395,0.79831,0.34205,0.024998,-0.020311,-0.044514
-0.042721,0.029425,0.3823,0.83684,0.78253,0.33096,0.043259,-0.027502,-0.039007,-0.010948,-0.031829,0.035818,0.37866,0.82566,0.80728,0.35294,0.029206,-0.020121,-0.043694,-0.028773
-0.019014,0.01134,0.19598,0.62241,0.89098,0.53451,0.12594,-0.034356,-0.035217,-0.04393,-0.03599,-0.017778,0.20819,0.65665,0.90417,0.54464,0.12707,-0.018796,-0.030193,-0.045494
-0.010986,-0.018524,0.18817,0.61871,0.8611,0.52426,0.11208,-0.015012,-0.029406,-0.025095,-0.035889,-0.017421,0.21007,0.65897,0.9037,0.54223,0.12554,-0.018878,-0.030355,-0.045369
-0.086584,-0.084428,0.08418,0.52187,0.88574,0.67647,0.24265,0.015209,-0.0062366,-0.053126,-0.042659,-0.029114,0.11932,0.53299,0.90143,0.66865,0.21663,-0.0086936,-0.023295,-0.048738
-0.031451,-0.012404,0.017616,0.32263,0.77824,0.86912,0.44672,0.078716,-0.01988,-0.061227,-0.053431,-0.03255,0.012374,0.31937,0.77659,0.85119,0.41428,0.054937,-0.020327,-0.039714
0.0026799,-0.013039,0.17506,0.63797,0.92113,0.59245,0.17078,0.0083814,0.00066095,-0.028286,-0.037895,-0.022942,0.17718,0.61664,0.90917,0.58561,0.15426,-0.016861,-0.027567,-0.047274
-0.036184,-0.029846,0.048871,0.38897,0.83786,0.76442,0.28907,-0.011084,-0.062849,-0.090505,-0.048771,-0.031577,0.060895,0.43139,0.86026,0.76319,0.30316,0.012034,-0.020643,-0.046556
-0.059297,-0.029833,0.10272,0.4994,0.90762,0.72619,0.28175,0.044914,0.0049338,-0.0021731,-0.04544,-0.030662,0.091675,0.48771,0.8873,0.71189,0.25365,-0.0011948,-0.021764,-0.048288
-0.051322,-0.034705,0.15297,0.60411,0.94071,0.63304,0.16464,0.020534,-0.0052475,-0.042444,-0.038772,-0.024612,0.16494,0.59999,0.90956,0.60242,0.16608,-0.015726,-0.026577,-0.047806
-0.032938,-0.041087,0.17255,0.60218,0.86782,0.56446,0.12375,-0.068753,-0.091204,-0.070557,-0.038644,-0.024388,0.16667,0.60237,0.90957,0.60002,0.16437,-0.015902,-0.026715,-0.047737
-0.053809,0.077271,0.42627,0.84885,0.78272,0.32465,-0.019146,-0.069626,-0.047792,-0.01767,-0.031632,0.049369,0.40818,0.84608,0.78295,0.32445,0.019022,-0.020254,-0.045335,-0.025212
-0.048104,-0.019095,0.21959,0.68443,0.89169,0.54286,0.12861,-0.019795,-0.046508,-0.063282,-0.034952,-0.013501,0.22916,0.68202,0.89793,0.51816,0.11066,-0.019537,-0.03202,-0.04399
-0.037458,0.0010877,0.28787,0.73827,0.86401,0.4232,0.054924,-0.022192,-0.044794,-0.064491,-0.032953,0.0024605,0.28959,0.74797,0.86955,0.44677,0.070933,-0.020228,-0.037212,-0.038605
-0.086886,-0.074674,0.060258,0.45862,0.87979,0.77323,0.3031,0.031766,-0.0031733,-0.044994,-0.048771,-0.031577,0.060895,0.43139,0.86026,0.76319,0.30316,0.012034,-0.020643,-0.046556
-0.026035,-0.013194,0.25983,0.73992,0.8745,0.4331,0.061066,-0.0049395,-0.036901,-0.037047,-0.033,0.0018192,0.28751,0.74587,0.87075,0.44912,0.072134,-0.020225,-0.037039,-0.038812
-0.074171,-0.044386,0.082753,0.4577,0.88706,0.73559,0.26034,-0.0023314,-0.0058099,-0.013517,-0.045874,-0.030828,0.08757,0.48061,0.88446,0.71853,0.25968,0.00021941,-0.021576,-0.04814
-0.060124,0.0022172,0.33143,0.79514,0.83104,0.3868,0.038975,-0.046462,-0.060106,-0.03524,-0.032032,0.024595,0.35191,0.80483,0.82796,0.37983,0.039897,-0.020121,-0.041965,-0.031893
-0.037564,0.0069842,0.28538,0.73916,0.92001,0.50135,0.088415,0.010463,-0.018227,-0.052082,-0.033868,-0.0068753,0.2568,0.7135,0.8867,0.48465,0.091179,-0.020048,-0.03443,-0.041699
-0.033371,-0.02395,0.25149,0.70963,0.88587,0.49735,0.10526,0.0035476,-0.025494,-0.032067,-0.034224,-0.0094008,0.24681,0.70238,0.89112,0.49659,0.097949,-0.019912,-0.033562,-0.042564
-0.024729,0.041022,0.36453,0.83426,0.81578,0.36617,0.02127,-0.019922,-0.052007,-0.039953,-0.031891,0.031941,0.36969,0.81892,0.81438,0.36185,0.03263,-0.02011,-0.043139,-0.029832
-0.021502,-0.014019,0.14418,0.56901,0.8807,0.59658,0.17074,0.0054285,-0.0012077,-0.05709,-0.040517,-0.027097,0.14307,0.56891,0.90771,0.63343,0.18891,-0.012995,-0.02491,-0.048478
-0.064202,-0.045331,0.042849,0.4135,0.84581,0.82817,0.34372,0.021437,-0.027701,-0.035264,-0.051426,-0.031977,0.035937,0.37882,0.82582,0.80745,0.35309,0.029087,-0.020279,-0.043851
-0.019359,0.022807,0.29696,0.74631,0.8907,0.45325,0.074679,-0.01322,-0.043099,-0.053417,-0.033312,-0.0018645,0.27509,0.73312,0.8776,0.46328,0.079522,-0.020189,-0.035998,-0.040017
-0.024298,0.075225,0.40962,0.81986,0.7671,0.32861,0.011826,-0.019895,-0.055279,-0.027931,-0.031648,0.048275,0.40589,0.84459,0.78489,0.32662,0.019755,-0.020237,-0.045219,-0.025491
-0.067253,-0.038615,0.043847,0.32989,0.73715,0.80867,0.39761,0.051648,0.00075516,-0.014992,-0.053431,-0.03255,0.012374,0.31937,0.77659,0.85119,0.41428,0.054937,-0.020327,-0.039714
-0.040022,-0.0080815,0.12389,0.51167,0.89353,0.67502,0.21557,-0.013666,-0.040794,-0.038987,-0.044124,-0.030048,0.10442,0.5091,0.89483,0.69164,0.23586,-0.005052,-0.022416,-0.048607
-0.012553,0.055671,0.38402,0.81968,0.79532,0.32059,0.04079,-0.004012,-0.07249,-0.079373,-0.031814,0.036809,0.38091,0.82731,0.80548,0.35073,0.028371,-0.020125,-0.04383,-0.028505
-0.015521,0.019164,0.29695,0.71138,0.84966,0.43977,0.073819,-0.021964,-0.023856,-0.039212,-0.033426,-0.0030308,0.271,0.7288,0.87974,0.46801,0.082053,-0.020168,-0.03565,-0.040404
-0.013089,0.0045161,0.21144,0.67966,0.92338,0.53963,0.11075,-0.021764,-0.011422,-0.038929,-0.034865,-0.013073,0.2311,0.68431,0.89725,0.51576,0.10921,-0.019588,-0.032189,-0.04384
-0.051026,-0.034738,0.14116,0.55716,0.92525,0.65399,0.21493,-0.0097772,-0.026202,-0.048748,-0.040378,-0.026932,0.14471,0.5713,0.90797,0.63106,0.18712,-0.013236,-0.025029,-0.048441
-0.032238,-0.043109,0.052096,0.43068,0.85822,0.73808,0.28473,0.019433,-0.0093135,-0.051823,-0.048378,-0.031504,0.064481,0.43836,0.86417,0.75703,0.29682,0.010134,-0.020737,-0.046839
-0.080444,-0.065004,0.052366,0.43355,0.85211,0.73537,0.26287,-0.012957,-0.045117,-0.040081,-0.047841,-0.031392,0.06938,0.44769,0.86915,0.7487,0.28843,0.0077125,-0.020882,-0.047187
-0.042014,-0.042933,0.072559,0.52494,0.88965,0.64102,0.22149,-0.0060195,-0.035164,-0.055849,-0.041504,-0.028141,0.13179,0.55214,0.90532,0.64996,0.20167,-0.011152,-0.024113,-0.048668
-0.034827,-0.012944,0.036507,0.30613,0.76731,0.84152,0.39778,0.063651,0.021884,-0.02242,-0.053431,-0.03255,0.012374,0.31937,0.77659,0.85119,0.41428,0.054937,-0.020327,-0.039714
-0.080789,-0.039312,0.013596,0.37617,0.80562,0.78933,0.31647,0.0063219,-0.032977,-0.022308,-0.051326,-0.031962,0.036928,0.38107,0.82747,0.80564,0.35088,0.028252,-0.020284,-0.043987
-0.025144,-0.0028202,0.10994,0.5131,0.91239,0.68387,0.24146,0.010504,-0.00018595,-0.023355,-0.041504,-0.028141,0.13179,0.55214,0.90532,0.64996,0.20167,-0.011152,-0.024113,-0.048668
-0.047334,0.015695,0.32836,0.76997,0.85496,0.39829,0.052463,0.0073349,-0.013026,-0.013953,-0.032507,0.010042,0.31282,0.7705,0.85528,0.42109,0.058295,-0.02021,-0.039084,-0.036213
-0.026097,-0.022974,0.15267,0.57054,0.903,0.56663,0.15179,0.0094334,0.0044345,-0.043714,-0.039427,-0.025658,0.15639,0.58805,0.90925,0.61439,0.17472,-0.014776,-0.025908,-0.048114
-0.041848,0.0016904,0.37199,0.83635,0.80373,0.31023,0.016782,-0.030737,-0.028735,-0.022765,-0.031799,0.037809,0.38316,0.82895,0.80367,0.34852,0.027545,-0.020131,-0.043964,-0.028236
-0.045828,-0.01634,0.25516,0.72079,0.91962,0.5139,0.10495,-0.018957,-0.045462,-0.059309,-0.034376,-0.010361,0.24285,0.69789,0.89277,0.50137,0.10072,-0.019844,-0.033217,-0.042895
-0.048074,-0.0027655,0.066072,0.43158,0.88231,0.8032,0.33475,0.017396,-0.025167,-0.038867,-0.049155,-0.031643,0.057384,0.42445,0.85622,0.76927,0.30955,0.014007,-0.020561,-0.046257
-0.044219,-0.030363,0.063447,0.48616,0.91645,0.73325,0.24559,-0.020078,-0.061899,-0.093701,-0.046447,-0.031021,0.082209,0.47116,0.88043,0.7273,0.26779,0.0022082,-0.021346,-0.047911
-0.04129,0.016368,0.12093,0.52999,0.88868,0.67236,0.22946,0.0010275,-0.010426,-0.050459,-0.043244,-0.029523,0.11327,0.52342,0.89902,0.6779,0.22425,-0.0073154,-0.022924,-0.048714
-0.034581,-0.038714,0.07127,0.48135,0.90982,0.72141,0.2477,-0.02156,-0.048099,-0.04995,-0.045874,-0.030828,0.08757,0.48061,0.88446,0.71853,0.25968,0.00021941,-0.021576,-0.04814
-0.035448,-0.022656,0.009265,0.33036,0.79442,0.84718,0.40234,0.072578,0.007255,-0.034109,-0.052855,-0.032287,0.020386,0.34107,0.79579,0.83616,0.39133,0.044616,-0.020287,-0.041339
-0.033799,-0.039184,0.19006,0.66664,0.89412,0.51162,0.11082,-0.016203,-0.04705,-0.046151,-0.035219,-0.014746,0.22338,0.67515,0.89987,0.52538,0.11504,-0.019369,-0.031514,-0.044427
-0.045409,-0.0089408,0.063864,0.4335,0.84761,0.74151,0.27577,-0.015636,-0.020922,-0.05012,-0.047977,-0.031421,0.068143,0.44535,0.86793,0.75079,0.29052,0.0083058,-0.020843,-0.047103
-0.069993,-0.031386,0.055215,0.39115,0.81832,0.83913,0.35836,0.0090474,-0.02604,-0.043194,-0.052567,-0.032202,0.023825,0.34986,0.80317,0.82975,0.38224,0.040734,-0.020274,-0.041962
-0.0047601,-0.0032679,0.15428,0.56171,0.8947,0.65419,0.22897,-0.012748,-0.0046374,-0.036688,-0.04179,-0.028405,0.12863,0.54735,0.90446,0.65465,0.20537,-0.010574,-0.023899,-0.0487
-0.02842,-0.0077729,0.10826,0.52694,0.8874,0.68809,0.23233,-0.031666,-0.059213,-0.056633,-0.045294,-0.030603,0.09306,0.49008,0.88821,0.70966,0.25165,-0.0016516,-0.02183,-0.048332
0.0034013,0.0092566,0.15355,0.58698,0.92768,0.62472,0.17976,-0.0096916,-0.010743,-0.04886,-0.039966,-0.026412,0.14968,0.57849,0.90864,0.62393,0.18177,-0.013927,-0.025397,-0.048316
-0.050522,-0.047405,0.0783,0.51511,0.91853,0.68736,0.22891,0.0043028,-0.0049379,-0.051849,-0.043097,-0.029425,0.11477,0.52581,0.89965,0.6756,0.22233,-0.0076695,-0.023014,-0.048724
-0.037677,0.0024906,0.27156,0.74019,0.90271,0.5086,0.10894,-0.023608,-0.018769,-0.050303,-0.033607,-0.0047233,0.26488,0.72228,0.88283,0.47513,0.085913,-0.020125,-0.035127,-0.040971
-0.062343,-0.028321,0.15587,0.60786,0.91126,0.57424,0.11654,-0.058739,-0.072713,-0.06422,-0.037184,-0.021307,0.18792,0.63085,0.90806,0.57116,0.14442,-0.017669,-0.02846,-0.046723
-0.013242,0.025767,0.32728,0.78337,0.86244,0.39804,0.055728,-0.011881,-0.022011,0.0081204,-0.03221,0.017792,0.33438,0.79,0.84068,0.39804,0.047723,-0.020158,-0.04072,-0.033871
-0.033183,0.021064,0.33202,0.80525,0.828,0.37954,0.058825,-0.018088,-0.024838,-0.012728,-0.032116,0.021126,0.34311,0.7975,0.83443,0.38891,0.04374,-0.020137,-0.041351,-0.032893
-0.048469,-0.033082,0.076789,0.45441,0.85302,0.68067,0.21431,-0.026372,-0.030119,-0.035012,-0.044857,-0.030413,0.097262,0.4972,0.89083,0.70295,0.24569,-0.0029794,-0.022038,-0.048453
-0.026065,-0.031327,0.045422,0.41129,0.86444,0.76077,0.29858,0.016165,-0.0035358,-0.066527,-0.048378,-0.031504,0.064481,0.43836,0.86417,0.75703,0.29682,0.010134,-0.020737,-0.046839
-0.04324,-0.04453,0.038602,0.40277,0.83277,0.76327,0.34281,0.034796,-0.03503,-0.082259,-0.050803,-0.031886,0.042013,0.39238,0.83553,0.79645,0.33986,0.024206,-0.020321,-0.044643
-0.069669,-0.0091653,0.21596,0.65485,0.89919,0.53572,0.11953,-0.016922,0.0040665,-0.038934,-0.03599,-0.017778,0.20819,0.65665,0.90417,0.54464,0.12707,-0.018796,-0.030193,-0.045494
-0.0010974,0.013804,0.26941,0.71567,0.86957,0.50634,0.11551,0.00043322,-0.0068533,-0.030658,-0.03415,-0.0089101,0.2488,0.70462,0.89027,0.4942,0.096578,-0.019943,-0.033735,-0.042395
-0.070674,-0.017345,0.10953,0.47154,0.85737,0.6762,0.22691,0.0025532,-0.039312,-0.10187,-0.045294,-0.030603,0.09306,0.49008,0.88821,0.70966,0.25165,-0.0016516,-0.02183,-0.048332
-0.069242,-0.052919,0.079835,0.44952,0.85932,0.74962,0.2891,0.0061557,-0.0059116,-0.044323,-0.047705,-0.031361,0.070626,0.45002,0.87035,0.74659,0.28634,0.0071271,-0.020921,-0.047269
-0.016009,-0.0075897,0.19671,0.64249,0.90974,0.57118,0.1247,-0.017645,-0.0045343,0.007162,-0.036301,-0.018811,0.20259,0.64965,0.90547,0.55187,0.13171,-0.01853,-0.029709,-0.045857
-0.014481,0.011126,0.24127,0.69301,0.90497,0.52356,0.11704,-0.021407,-0.040809,-0.031681,-0.035219,-0.014746,0.22338,0.67515,0.89987,0.52538,0.11504,-0.019369,-0.031514,-0.044427
-0.051205,-0.058664,0.088925,0.51431,0.89112,0.64556,0.21275,-0.026863,-0.044262,-0.04625,-0.042951,-0.029325,0.11628,0.5282,0.90026,0.67329,0.22043,-0.0080173,-0.023106,-0.048731
-0.035368,-0.0061017,0.25818,0.73146,0.89182,0.48754,0.10223,-0.014082,-0.053632,-0.018697,-0.033257,-0.0012699,0.27715,0.73526,0.8765,0.46091,0.078269,-0.020198,-0.036172,-0.039821
-0.094975,-0.020708,0.045478,0.35711,0.82082,0.86988,0.40743,0.046248,-0.0048696,-0.049131,-0.052855,-0.032287,0.020386,0.34107,0.79579,0.83616,0.39133,0.044616,-0.020287,-0.041339
-0.028884,-0.012178,0.16939,0.6341,0.92468,0.60893,0.1545,-0.00021815,0.0017685,-0.046748,-0.036407,-0.019144,0.20074,0.64731,0.90586,0.55428,0.13327,-0.018435,-0.02955,-0.045974
-0.025474,0.085008,0.40231,0.82517,0.79768,0.34112,0.028512,-0.011766,-0.057546,-0.035664,-0.031632,0.049369,0.40818,0.84608,0.78295,0.32445,0.019022,-0.020254,-0.045335,-0.025212
-0.026931,-0.022464,0.063109,0.43585,0.8492,0.75895,0.31224,0.026632,-0.002921,-0.024414,-0.048245,-0.031477,0.065693,0.44069,0.86544,0.75496,0.29472,0.0095163,-0.020771,-0.046929
-0.040011,-0.012994,0.076627,0.42761,0.84914,0.78128,0.31958,0.0095235,-0.02491,-0.029,-0.050244,-0.031807,0.047311,0.40376,0.84325,0.78698,0.32893,0.020374,-0.020381,-0.045258
-0.042444,-0.0177,0.11614,0.51607,0.90786,0.68465,0.23595,-0.0033846,-0.023904,-0.078006,-0.042805,-0.029221,0.1178,0.53059,0.90085,0.67097,0.21852,-0.0083586,-0.0232,-0.048736
-0.058016,0.0019536,0.29429,0.78087,0.83999,0.40266,0.045293,-0.0079671,-0.031995,-0.038037,-0.032542,0.0093123,0.31068,0.7685,0.85666,0.42341,0.0594,-0.020215,-0.038916,-0.036439
-0.024121,0.021468,0.22009,0.64536,0.92768,0.59213,0.18666,-0.021625,-0.055049,-0.04916,-0.036301,-0.018811,0.20259,0.64965,0.90547,0.55187,0.13171,-0.01853,-0.029709,-0.045857
-0.01374,0.018893,0.26895,0.72243,0.88987,0.4775,0.078644,-0.021686,-0.029768,-0.032521,-0.033936,-0.0073949,0.25479,0.71129,0.88762,0.48703,0.092516,-0.020025,-0.034256,-0.041876
-0.039306,-0.005078,0.24917,0.68506,0.898,0.50299,0.12514,-0.0077847,0.004444,-0.053338,-0.034534,-0.011293,0.23891,0.69338,0.89434,0.50617,0.10351,-0.019768,-0.032873,-0.043219
-0.035635,-0.050249,0.029218,0.43603,0.87063,0.77804,0.30086,-0.0045605,-0.019932,-0.024157,-0.048641,-0.031554,0.062082,0.43371,0.86158,0.76115,0.30104,0.011392,-0.020673,-0.046652
-0.067825,-0.041775,0.10268,0.52682,0.92436,0.67799,0.22271,-0.02126,-0.046097,-0.083588,-0.04427,-0.030126,0.10297,0.50672,0.89407,0.69391,0.23781,-0.0046513,-0.022337,-0.048581
-0.077643,-0.057304,0.18625,0.66824,0.87666,0.50166,0.132,-0.0086388,-0.031106,-0.056605,-0.034952,-0.013501,0.22916,0.68202,0.89793,0.51816,0.11066,-0.019537,-0.03202,-0.04399
-0.082406,-0.050034,0.044521,0.43174,0.84868,0.71144,0.27379,0.009901,-0.018155,-0.042651,-0.045585,-0.03072,0.090299,0.48534,0.88637,0.71411,0.25566,-0.00073065,-0.0217,-0.048241
-0.041942,-0.028398,0.16158,0.60554,0.91732,0.62349,0.17108,-0.032644,-0.012676,-0.0091344,-0.041219,-0.027862,0.13497,0.55693,0.9061,0.64525,0.19799,-0.011707,-0.024333,-0.048626
-0.052576,0.018904,0.080372,0.37415,0.82169,0.83722,0.34636,0.027623,0.0090258,-0.019094,-0.05249,-0.032182,0.024705,0.35206,0.80498,0.82811,0.37998,0.039786,-0.020271,-0.042115
-0.022988,-0.010222,0.24276,0.67765,0.86778,0.4921,0.12388,0.028434,0.0028286,-0.0051098,-0.03367,-0.0052724,0.26286,0.7201,0.88382,0.47751,0.087217,-0.020108,-0.034953,-0.041156
-0.033769,-0.0035371,0.2432,0.66357,0.84717,0.48355,0.086962,-0.024282,-0.0037625,-0.016832,-0.03478,-0.012638,0.23305,0.68658,0.89655,0.51336,0.10777,-0.019637,-0.03236,-0.043688
-0.013487,0.038686,0.34553,0.80088,0.87334,0.42446,0.054068,-0.03221,-0.045124,-0.046725,-0.032262,0.016176,0.33003,0.78618,0.84372,0.40262,0.049767,-0.020169,-0.040399,-0.034351
-0.092392,-0.001612,0.34041,0.77473,0.77303,0.32921,0.020689,-0.034275,-0.049466,-0.0097391,-0.031875,0.032897,0.37192,0.82062,0.81262,0.35961,0.031761,-0.020112,-0.04328,-0.029569
-0.033651,-0.014688,0.25629,0.68321,0.90556,0.54727,0.13111,-0.057312,-0.082808,-0.050473,-0.034865,-0.013073,0.2311,0.68431,0.89725,0.51576,0.10921,-0.019588,-0.032189,-0.04384
-0.037494,0.03745,0.4065,0.8562,0.8449,0.38623,0.035628,-0.01651,-0.025718,0.004424,-0.031859,0.033862,0.37416,0.82231,0.81085,0.35739,0.030901,-0.020114,-0.043419,-0.029305
-0.04864,-0.0040321,0.29447,0.74207,0.83078,0.42143,0.046467,-0.026368,-0.034009,-0.011578,-0.032733,0.005786,0.30008,0.75834,0.86331,0.43506,0.065058,-0.020229,-0.03807,-0.037543
-0.022606,0.018742,0.32699,0.79164,0.84564,0.37453,0.028019,-0.035402,-0.039961,-0.019191,-0.032186,0.018613,0.33656,0.79189,0.83914,0.39575,0.046714,-0.020152,-0.040879,-0.033628
-0.041765,-0.029259,0.029205,0.37899,0.83227,0.82966,0.37482,0.058787,-0.0038575,-0.047035,-0.051621,-0.032008,0.03398,0.37432,0.82247,0.81102,0.35754,0.030783,-0.020271,-0.043575
-0.043071,-0.0077321,0.20862,0.66596,0.90782,0.51281,0.050462,-0.042776,-0.020813,-0.052896,-0.035789,-0.017058,0.21195,0.6613,0.90321,0.53982,0.12401,-0.018957,-0.030519,-0.045241
-0.053133,-0.012291,0.28297,0.72981,0.82758,0.40396,0.029003,-0.046456,-0.043066,-0.029741,-0.032507,0.010042,0.31282,0.7705,0.85528,0.42109,0.058295,-0.02021,-0.039084,-0.036213
-0.054674,-0.040995,0.031226,0.33878,0.79684,0.83493,0.37608,0.034651,-0.013345,-0.032256,-0.052715,-0.032243,0.022088,0.34545,0.7995,0.83298,0.38678,0.042658,-0.02028,-0.041653
-0.055564,-0.048778,0.083881,0.48803,0.86677,0.7182,0.2626,-0.018271,-0.038679,-0.065037,-0.045585,-0.03072,0.090299,0.48534,0.88637,0.71411,0.25566,-0.00073065,-0.0217,-0.048241
-0.023909,-0.014226,0.14009,0.56158,0.91208,0.67887,0.20744,-0.020364,-0.035934,-0.073834,-0.043244,-0.029523,0.11327,0.52342,0.89902,0.6779,0.22425,-0.0073154,-0.022924,-0.048714
-0.022186,-0.03318,0.025107,0.36818,0.80945,0.79464,0.36425,0.055805,-0.014502,-0.037196,-0.0519,-0.032057,0.031108,0.36761,0.81735,0.81628,0.36423,0.033392,-0.020265,-0.043151
-0.033277,-0.031739,0.14993,0.56617,0.88951,0.6402,0.22066,-0.014265,-0.044245,-0.056053,-0.040936,-0.027568,0.13819,0.56172,0.9068,0.64053,0.19434,-0.012239,-0.024559,-0.048574
9.9425e-05,0.062608,0.34542,0.77842,0.84688,0.42105,0.07689,-0.016242,-0.031485,-0.019924,-0.032507,0.010042,0.31282,0.7705,0.85528,0.42109,0.058295,-0.02021,-0.039084,-0.036213
-0.02542,0.016898,0.27446,0.73006,0.88163,0.4716,0.083127,-0.0096524,-0.047467,-0.036161,-0.033368,-0.0024515,0.27304,0.73096,0.87868,0.46564,0.080783,-0.020179,-0.035824,-0.040212
-0.01352,0.040858,0.36219,0.8082,0.83512,0.41618,0.059945,-0.021792,-0.071006,-0.032607,-0.032013,0.025483,0.35412,0.80663,0.8263,0.37757,0.038958,-0.020118,-0.042116,-0.03164
-0.041602,0.0063042,0.24999,0.68509,0.85763,0.46235,0.07978,-0.0032962,-0.0076015,-0.035795,-0.033735,-0.0058141,0.26083,0.7179,0.8848,0.47989,0.088529,-0.02009,-0.034778,-0.041339
-0.074645,-0.046801,0.0065532,0.33186,0.76951,0.82413,0.40282,0.076318,0.007686,-0.013965,-0.053383,-0.03252,0.013138,0.32152,0.77856,0.84975,0.41197,0.053866,-0.020324,-0.03988
-0.029207,-0.023104,0.17849,0.60568,0.8722,0.56538,0.14313,-0.050007,-0.070084,-0.076863,-0.036407,-0.019144,0.20074,0.64731,0.90586,0.55428,0.13327,-0.018435,-0.02955,-0.045974
-0.045976,-0.014972,0.29035,0.79551,0.89083,0.4477,0.074443,-0.010415,-0.030191,-0.0054673,-0.032542,0.0093123,0.31068,0.7685,0.85666,0.42341,0.0594,-0.020215,-0.038916,-0.036439
-0.043645,-0.037881,0.048117,0.3931,0.84624,0.79263,0.32993,-0.0004276,-0.042919,-0.066113,-0.051122,-0.031932,0.038936,0.38558,0.83074,0.802,0.34646,0.026608,-0.020296,-0.044254
-0.03589,-0.038477,0.099101,0.51205,0.8826,0.67244,0.24331,0.00411,-0.029306,-0.09809,-0.043683,-0.029798,0.10881,0.51626,0.89701,0.68479,0.23003,-0.0062136,-0.022663,-0.048672
-0.054905,-0.013361,0.0701,0.39617,0.83988,0.78687,0.31228,-0.0028398,-0.018337,-0.055453,-0.049772,-0.031739,0.051703,0.41293,0.84916,0.77921,0.32027,0.017461,-0.020449,-0.04572
-0.026723,0.0055323,0.2627,0.72027,0.84482,0.41152,0.054431,-0.0063505,-0.0052224,-0.022084,-0.033368,-0.0024515,0.27304,0.73096,0.87868,0.46564,0.080783,-0.020179,-0.035824,-0.040212
-0.010955,-0.038116,0.10549,0.52983,0.89134,0.68221,0.21036,-0.026567,-0.052514,-0.065781,-0.043537,-0.029709,0.11029,0.51865,0.8977,0.6825,0.2281,-0.0065874,-0.022748,-0.048688
-0.046405,-0.051392,0.1104,0.53717,0.88156,0.61268,0.18191,-0.05057,-0.077902,-0.069004,-0.042079,-0.028655,0.1255,0.54256,0.90353,0.65934,0.2091,-0.0099713,-0.023691,-0.048722
-0.062545,-0.018927,0.25082,0.68426,0.90695,0.51355,0.11107,-0.012178,-0.022013,-0.059498,-0.034952,-0.013501,0.22916,0.68202,0.89793,0.51816,0.11066,-0.019537,-0.03202,-0.04399
-0.065481,-0.047049,0.1031,0.53071,0.90619,0.65268,0.20935,-0.0089485,-0.016388,-0.059125,-0.042805,-0.029221,0.1178,0.53059,0.90085,0.67097,0.21852,-0.0083586,-0.0232,-0.048736
-0.052051,-0.040533,0.19221,0.61214,0.92161,0.5824,0.14486,-0.0086585,-0.041587,-0.069282,-0.036733,-0.020106,0.19521,0.64027,0.90692,0.56152,0.138,-0.018128,-0.029077,-0.046309
-0.030824,-0.054451,0.10941,0.53755,0.89568,0.63675,0.17677,-0.011867,-0.018533,-0.06867,-0.041077,-0.027717,0.13658,0.55933,0.90646,0.64289,0.19616,-0.011976,-0.024445,-0.048601
-0.05072,-0.01977,0.17203,0.58723,0.90718,0.61088,0.17572,-0.012351,-0.0089619,-0.035424,-0.039032,-0.025044,0.1615,0.59522,0.9095,0.60721,0.16952,-0.015361,-0.026305,-0.047937
-0.00073932,-0.023822,0.031084,0.41483,0.86838,0.75162,0.29421,0.0089432,-0.035005,-0.070143,-0.049405,-0.031683,0.055086,0.41983,0.85344,0.77328,0.31382,0.015364,-0.020512,-0.046048
-0.026324,-0.0097822,0.21218,0.68858,0.9023,0.51449,0.11703,-0.020577,-0.041073,-0.068613,-0.034952,-0.013501,0.22916,0.68202,0.89793,0.51816,0.11066,-0.019537,-0.03202,-0.04399
-0.080902,-0.047091,0.040126,0.38594,0.8212,0.78704,0.32725,-0.019924,-0.041127,-0.05302,-0.051426,-0.031977,0.035937,0.37882,0.82582,0.80745,0.35309,0.029087,-0.020279,-0.043851
-0.017203,-0.024083,0.092026,0.45732,0.83458,0.64166,0.21729,-0.032799,-0.044342,-0.067606,-0.04544,-0.030662,0.091675,0.48771,0.8873,0.71189,0.25365,-0.0011948,-0.021764,-0.048288
-0.027741,0.0090628,0.23283,0.65229,0.87305,0.50689,0.12165,-0.00081842,-0.031123,-0.052579,-0.034454,-0.01083,0.24088,0.69564,0.89356,0.50377,0.10211,-0.019807,-0.033045,-0.043058
-0.069978,-0.078515,0.018296,0.40045,0.84382,0.75643,0.31439,0.034798,-0.016988,-0.047561,-0.048378,-0.031504,0.064481,0.43836,0.86417,0.75703,0.29682,0.010134,-0.020737,-0.046839
-0.062874,0.0023042,0.33785,0.79878,0.84068,0.38513,0.047169,-0.018873,-0.041908,-0.049646,-0.032236,0.01698,0.3322,0.78809,0.8422,0.40033,0.04874,-0.020163,-0.04056,-0.034112
-0.040882,-0.010096,0.18937,0.62432,0.93013,0.62478,0.18802,-0.020452,-0.049868,-0.069239,-0.038772,-0.024612,0.16494,0.59999,0.90956,0.60242,0.16608,-0.015726,-0.026577,-0.047806
-0.054974,-0.056612,-0.016413,0.35952,0.82514,0.79959,0.33969,0.046216,-0.012737,-0.034209,-0.051122,-0.031932,0.038936,0.38558,0.83074,0.802,0.34646,0.026608,-0.020296,-0.044254
-0.031903,0.066157,0.41403,0.82784,0.78887,0.31439,-0.0245,-0.053974,-0.067237,-0.023855,-0.03171,0.043986,0.39676,0.8385,0.79253,0.33533,0.022769,-0.020182,-0.044736,-0.026601
-0.029775,0.02282,0.36887,0.79089,0.79195,0.34194,0.016865,-0.032479,-0.030039,0.0014922,-0.031829,0.035818,0.37866,0.82566,0.80728,0.35294,0.029206,-0.020121,-0.043694,-0.028773
-0.056557,-0.026488,0.036436,0.37208,0.82484,0.83148,0.36679,0.016336,-0.034674,-0.021345,-0.052248,-0.032126,0.027399,0.3587,0.81036,0.82312,0.37321,0.036993,-0.020266,-0.042567
-0.024758,0.016135,0.32167,0.78852,0.8241,0.39325,0.031368,-0.030503,-0.033187,-0.015006,-0.032162,0.019442,0.33874,0.79377,0.83758,0.39346,0.045714,-0.020147,-0.041038,-0.033385
-0.03003,-0.01788,0.0055153,0.29898,0.81765,0.8878,0.42346,0.081987,-0.0041133,-0.030581,-0.053226,-0.032435,0.015479,0.328,0.78439,0.84535,0.40506,0.050703,-0.020312,-0.040375
-0.081886,-0.057737,0.11338,0.54955,0.90865,0.69216,0.23467,-0.0034118,-0.025627,-0.044657,-0.042659,-0.029114,0.11932,0.53299,0.90143,0.66865,0.21663,-0.0086936,-0.023295,-0.048738
-0.022761,-0.010347,0.22739,0.6961,0.89068,0.52,0.1142,-0.0054475,-0.016391,-0.055378,-0.035039,-0.013923,0.22723,0.67974,0.8986,0.52057,0.11211,-0.019484,-0.031851,-0.044138
-0.046627,-0.020186,0.24191,0.72207,0.93122,0.54556,0.097476,-0.0088783,-0.013138,-0.017813,-0.034299,-0.0098843,0.24483,0.70014,0.89196,0.49898,0.099328,-0.019879,-0.03339,-0.04273
-0.04462,0.024475,0.35208,0.80896,0.80997,0.34712,-0.016371,-0.045776,-0.061067,-0.04823,-0.03194,0.029122,0.36299,0.81373,0.81957,0.36856,0.03529,-0.02011,-0.042708,-0.030614
-0.060399,-0.054562,0.028971,0.4272,0.87638,0.81761,0.337,0.014797,-0.011436,-0.018987,-0.050472,-0.031839,0.045166,0.3992,0.84021,0.7908,0.33329,0.021881,-0.020354,-0.045017
-0.05321,-0.0052828,0.086363,0.46779,0.8684,0.71127,0.23878,-0.030658,-0.016717,-0.022719,-0.047841,-0.031392,0.06938,0.44769,0.86915,0.7487,0.28843,0.0077125,-0.020882,-0.047187
-0.051027,-0.011713,0.24857,0.73727,0.90592,0.49247,0.098867,0.023408,0.035107,0.010331,-0.033801,-0.0063484,0.25881,0.71571,0.88576,0.48227,0.08985,-0.02007,-0.034604,-0.04152
-0.067511,0.030552,0.37132,0.84242,0.82657,0.3786,0.040898,-0.042727,-0.023842,-0.01245,-0.03194,0.029122,0.36299,0.81373,0.81957,0.36856,0.03529,-0.02011,-0.042708,-0.030614
-0.082808,-0.060463,0.064342,0.45287,0.86764,0.77292,0.3161,0.013941,-0.028601,-0.055771,-0.04743,-0.031295,0.073142,0.45471,0.87271,0.74236,0.28219,0.0059798,-0.021005,-0.047426
-0.0079856,0.0079801,0.30381,0.772,0.90076,0.45275,0.073713,-0.013099,-0.049147,-0.060931,-0.032953,0.0024605,0.28959,0.74797,0.86955,0.44677,0.070933,-0.020228,-0.037212,-0.038605
-0.055478,-0.033351,0.11924,0.54789,0.91769,0.65138,0.21422,-0.013278,-0.053093,-0.06184,-0.042368,-0.028891,0.12239,0.53777,0.90252,0.664,0.21285,-0.0093448,-0.02349,-0.048735
-0.071498,-0.029666,0.044604,0.38646,0.82919,0.7774,0.31457,-0.0027562,-0.033898,-0.057805,-0.050694,-0.031871,0.043055,0.39465,0.83711,0.79458,0.33766,0.023422,-0.020331,-0.044769
-0.068939,-0.018137,0.20844,0.64836,0.88077,0.54927,0.11571,-0.010473,-0.02819,-0.0070141,-0.035498,-0.015931,0.21764,0.66824,0.90163,0.5326,0.11949,-0.019176,-0.031013,-0.044844
-0.039224,0.042116,0.39478,0.83327,0.77924,0.31815,0.032882,-0.010234,-0.038088,-0.030556,-0.03171,0.043986,0.39676,0.8385,0.79253,0.33533,0.022769,-0.020182,-0.044736,-0.026601
-0.076578,0.016358,0.37557,0.83367,0.79481,0.32268,-0.010279,-0.042245,-0.056288,-0.053613,-0.03174,0.041892,0.39222,0.83538,0.79629,0.33971,0.024327,-0.020161,-0.044485,-0.02715
-0.037655,0.0092637,0.3322,0.79679,0.85375,0.41584,0.093622,0.020469,-0.031098,-0.032443,-0.032236,0.01698,0.3322,0.78809,0.8422,0.40033,0.04874,-0.020163,-0.04056,-0.034112
-0.019304,-0.013755,0.26591,0.72307,0.89879,0.48271,0.081106,-0.030801,-0.044111,-0.040896,-0.033607,-0.0047233,0.26488,0.72228,0.88283,0.47513,0.085913,-0.020125,-0.035127,-0.040971
-0.048031,-0.0051999,0.31043,0.75809,0.89704,0.47109,0.06645,-0.037154,-0.049004,-0.049343,-0.033099,0.0005602,0.28335,0.74165,0.8731,0.45383,0.074562,-0.020217,-0.036693,-0.039221
-0.053482,-0.017132,0.038034,0.35511,0.83323,0.81965,0.39644,0.073919,-0.014143,-0.050597,-0.051122,-0.031932,0.038936,0.38558,0.83074,0.802,0.34646,0.026608,-0.020296,-0.044254
-0.02785,0.0017968,0.24834,0.6913,0.91595,0.53134,0.12465,-0.021672,-0.046058,-0.068217,-0.034865,-0.013073,0.2311,0.68431,0.89725,0.51576,0.10921,-0.019588,-0.032189,-0.04384
-0.029182,-0.03216,0.18783,0.67736,0.94482,0.58158,0.13387,-0.029199,-0.053319,-0.068351,-0.036514,-0.01947,0.19889,0.64496,0.90623,0.5567,0.13484,-0.018336,-0.029392,-0.046088
-0.048453,-0.01707,0.086954,0.4396,0.87079,0.77712,0.30255,0.013009,0.0034165,-0.052995,-0.047568,-0.031329,0.07188,0.45236,0.87154,0.74448,0.28426,0.0065495,-0.020963,-0.047349
-0.031435,-0.039547,0.15332,0.60631,0.89989,0.58182,0.16171,-0.018118,-0.023946,-0.0163,-0.037654,-0.022419,0.18074,0.62139,0.90888,0.58079,0.15095,-0.017147,-0.02786,-0.0471
-0.022641,-0.0011921,0.10439,0.48792,0.89961,0.76469,0.31087,0.01086,-0.023011,-0.028616,-0.047013,-0.031187,0.076978,0.46175,0.87612,0.73595,0.27599,0.0043174,-0.021142,-0.047647
-0.061312,-0.044605,0.049828,0.40746,0.86313,0.85714,0.38781,0.040031,-0.016592,-0.030628,-0.051621,-0.032008,0.03398,0.37432,0.82247,0.81102,0.35754,0.030783,-0.020271,-0.043575
-0.046951,-0.0082042,0.19002,0.63746,0.91149,0.56233,0.12117,-0.049181,-0.062924,-0.07364,-0.036844,-0.020415,0.19338,0.63792,0.90723,0.56393,0.1396,-0.018019,-0.028922,-0.046416
-0.034222,0.057537,0.41661,0.84792,0.80486,0.3299,0.014055,-0.038229,-0.061641,-0.020921,-0.03171,0.043986,0.39676,0.8385,0.79253,0.33533,0.022769,-0.020182,-0.044736,-0.026601
-0.038566,0.0050274,0.29379,0.76611,0.88165,0.47561,0.10833,-0.022847,-0.053874,-0.032235,-0.032817,0.0044319,0.29587,0.75422,0.86585,0.43974,0.067382,-0.020231,-0.037728,-0.037973
-0.016632,0.020121,0.30504,0.75695,0.8491,0.43005,0.044827,-0.037767,-0.061859,-0.046285,-0.032692,0.0064751,0.30219,0.76039,0.86201,0.43272,0.063909,-0.020227,-0.03824,-0.037325
-0.046903,0.035469,0.35947,0.79472,0.79566,0.35811,0.058828,0.0018947,-0.029126,-0.030328,-0.031976,0.027286,0.35855,0.8102,0.82296,0.37306,0.037106,-0.020113,-0.042415,-0.03113
-0.035324,0.01792,0.26761,0.70874,0.9026,0.49308,0.11184,-0.049689,-0.039761,-0.033889,-0.033868,-0.0068753,0.2568,0.7135,0.8867,0.48465,0.091179,-0.020048,-0.03443,-0.041699
-0.071614,-0.011529,0.32685,0.78648,0.8602,0.39834,0.017303,-0.056362,-0.051441,-0.022923,-0.032236,0.01698,0.3322,0.78809,0.8422,0.40033,0.04874,-0.020163,-0.04056,-0.034112
-0.06377,-0.055139,-0.0025587,0.32776,0.78968,0.8288,0.39307,0.024108,-0.036366,-0.048731,-0.052855,-0.032287,0.020386,0.34107,0.79579,0.83616,0.39133,0.044616,-0.020287,-0.041339
-0.0030698,0.057739,0.33728,0.8084,0.91184,0.46513,0.067514,-0.0139,-0.034655,-0.055268,-0.032615,0.0078775,0.30643,0.76446,0.85936,0.42806,0.061637,-0.020222,-0.038579,-0.036885
-0.046863,0.0064885,0.30134,0.75155,0.87464,0.44319,0.078574,-0.042845,-0.048114,-0.047519,-0.033257,-0.0012699,0.27715,0.73526,0.8765,0.46091,0.078269,-0.020198,-0.036172,-0.039821
-0.038155,-0.035093,0.13672,0.56777,0.90443,0.6252,0.19727,-0.010999,-0.03248,-0.088957,-0.040103,-0.026589,0.14802,0.57609,0.90843,0.62631,0.18354,-0.013702,-0.025273,-0.04836
-0.038116,-0.013832,0.16122,0.5681,0.91884,0.65329,0.19466,-0.047703,-0.040738,-0.0093399,-0.040656,-0.027258,0.14144,0.56651,0.90743,0.6358,0.19072,-0.012749,-0.024791,-0.048513
-0.0082671,0.0098873,0.11731,0.45757,0.86677,0.72235,0.27922,0.037087,0.015953,-0.026041,-0.045585,-0.03072,0.090299,0.48534,0.88637,0.71411,0.25566,-0.00073065,-0.0217,-0.048241
-0.010958,-0.023668,0.069174,0.44182,0.85633,0.73706,0.30418,0.013535,-0.040026,-0.040555,-0.04743,-0.031295,0.073142,0.45471,0.87271,0.74236,0.28219,0.0059798,-0.021005,-0.047426
-0.028659,-0.028153,0.20117,0.64134,0.90733,0.60108,0.18815,0.0019204,-0.0078313,-0.02368,-0.037774,-0.022683,0.17896,0.61902,0.90904,0.5832,0.15261,-0.017006,-0.027713,-0.047188
-0.024011,0.053068,0.41093,0.85329,0.82036,0.37558,0.020516,-0.019943,-0.063633,-0.027062,-0.031664,0.04719,0.4036,0.84309,0.78682,0.32879,0.020496,-0.020222,-0.0451,-0.02577
-0.062741,-0.05563,0.06832,0.47569,0.85586,0.65183,0.19285,-0.0049312,-0.023831,-0.064088,-0.043683,-0.029798,0.10881,0.51626,0.89701,0.68479,0.23003,-0.0062136,-0.022663,-0.048672
-0.096113,-0.063863,0.03265,0.36557,0.8193,0.81574,0.37542,0.015506,-0.029314,-0.03474,-0.05199,-0.032073,0.030168,0.36538,0.81562,0.81801,0.36647,0.034279,-0.020265,-0.043007
-0.053719,-0.032797,0.13372,0.58514,0.9327,0.68457,0.21609,-0.017696,-0.058914,-0.088277,-0.04024,-0.026763,0.14636,0.5737,0.90821,0.62868,0.18533,-0.013472,-0.025151,-0.048402
-0.039882,0.014039,0.37435,0.83016,0.83488,0.35403,0.052008,0.018242,-0.026075,-0.019461,-0.031891,0.031941,0.36969,0.81892,0.81438,0.36185,0.03263,-0.02011,-0.043139,-0.029832
-0.057261,-0.047993,0.020706,0.39545,0.86096,0.76624,0.30207,-0.003243,-0.016058,-0.039721,-0.049028,-0.031622,0.058546,0.42676,0.85758,0.76726,0.30741,0.013341,-0.020587,-0.046359
-0.00051062,0.036012,0.30949,0.74785,0.82288,0.4057,0.068187,-0.02179,-0.059444,-0.063061,-0.032262,0.016176,0.33003,0.78618,0.84372,0.40262,0.049767,-0.020169,-0.040399,-0.034351
-0.077686,-0.043126,0.011517,0.35029,0.7998,0.83094,0.39075,0.053211,-0.027291,-0.03805,-0.05249,-0.032182,0.024705,0.35206,0.80498,0.82811,0.37998,0.039786,-0.020271,-0.042115
-0.049605,0.020222,0.36563,0.81096,0.77256,0.32842,0.030909,0.0040486,-0.039381,-0.037284,-0.031784,0.038817,0.38542,0.83058,0.80184,0.34631,0.026728,-0.020137,-0.044096,-0.027966
-0.036552,-0.013228,0.085347,0.4042,0.82507,0.76795,0.3087,0.012596,-0.02451,-0.038728,-0.051122,-0.031932,0.038936,0.38558,0.83074,0.802,0.34646,0.026608,-0.020296,-0.044254
-0.016376,-0.0026404,0.2271,0.6663,0.84947,0.47544,0.10875,-0.0074637,-0.033264,-0.04919,-0.033868,-0.0068753,0.2568,0.7135,0.8867,0.48465,0.091179,-0.020048,-0.03443,-0.041699
-0.065148,-0.04099,0.12375,0.55596,0.88957,0.56778,0.15367,-0.0041518,-0.0054089,-0.012759,-0.039163,-0.025253,0.15979,0.59283,0.90943,0.6096,0.17124,-0.015171,-0.026172,-0.047998
-0.066259,-0.028654,0.042028,0.32118,0.78104,0.83167,0.40359,0.043248,-0.0078396,-0.052642,-0.05305,-0.032357,0.017895,0.33452,0.79014,0.84082,0.39818,0.04762,-0.020299,-0.040861
-0.070313,-0.050273,0.013072,0.35704,0.82483,0.83037,0.38258,0.03326,-0.033741,-0.060436,-0.0519,-0.032057,0.031108,0.36761,0.81735,0.81628,0.36423,0.033392,-0.020265,-0.043151
-0.044805,0.05967,0.41427,0.86617,0.78513,0.30762,0.02281,-0.011746,-0.022316,-0.021265,-0.031632,0.049369,0.40818,0.84608,0.78295,0.32445,0.019022,-0.020254,-0.045335,-0.025212
-0.071848,-0.034469,0.17546,0.5848,0.90669,0.63606,0.21009,0.0093625,-0.016474,-0.022838,-0.040103,-0.026589,0.14802,0.57609,0.90843,0.62631,0.18354,-0.013702,-0.025273,-0.04836
-0.041705,-0.027016,0.042809,0.36796,0.80729,0.85488,0.39924,0.077108,0.00967,-0.0036461,-0.052786,-0.032264,0.021233,0.34326,0.79765,0.83458,0.38905,0.043633,-0.020284,-0.041497
-0.075694,-0.037173,0.10288,0.5188,0.90824,0.68147,0.18742,-0.016086,-0.012416,-0.047041,-0.044124,-0.030048,0.10442,0.5091,0.89483,0.69164,0.23586,-0.005052,-0.022416,-0.048607
-0.043897,0.047354,0.36041,0.80567,0.85386,0.3987,0.052833,-0.014102,-0.0066156,-0.0073424,-0.032236,0.01698,0.3322,0.78809,0.8422,0.40033,0.04874,-0.020163,-0.04056,-0.034112
-0.043292,-0.028023,0.18964,0.61668,0.92487,0.61526,0.18755,0.014616,-0.019074,-0.025943,-0.038517,-0.02416,0.1684,0.60476,0.90955,0.59762,0.16267,-0.016073,-0.026854,-0.047666
-0.073839,-0.034996,0.061788,0.4427,0.85307,0.73032,0.26931,-0.0048436,-0.0031945,-0.03496,-0.04851,-0.031529,0.063277,0.43604,0.86288,0.7591,0.29893,0.010759,-0.020704,-0.046747
-0.043523,-0.024493,0.16479,0.64364,0.92362,0.57291,0.14878,-0.013124,-0.028811,-0.020243,-0.037774,-0.022683,0.17896,0.61902,0.90904,0.5832,0.15261,-0.017006,-0.027713,-0.047188
-0.071626,-0.016924,0.078376,0.46805,0.90216,0.79607,0.30698,-0.00401,0.0011524,-0.029442,-0.049155,-0.031643,0.057384,0.42445,0.85622,0.76927,0.30955,0.014007,-0.020561,-0.046257
-0.012426,0.022143,0.30981,0.74964,0.83871,0.41288,0.047669,-0.036274,-0.010128,-0.0017812,-0.032347,0.013813,0.32355,0.78038,0.84817,0.40952,0.052899,-0.020185,-0.039912,-0.035061
-0.064273,-0.015868,0.2678,0.74217,0.8335,0.45275,0.070562,-0.032869,-0.051684,-0.017336,-0.032817,0.0044319,0.29587,0.75422,0.86585,0.43974,0.067382,-0.020231,-0.037728,-0.037973
-0.032373,-0.049584,-0.016228,0.29147,0.75969,0.8648,0.43745,0.067624,-0.018908,-0.022964,-0.053383,-0.03252,0.013138,0.32152,0.77856,0.84975,0.41197,0.053866,-0.020324,-0.03988
-0.038066,0.0097582,0.36471,0.86884,0.84313,0.37545,0.046573,0.019833,-0.029069,-0.026595,-0.031907,0.030992,0.36745,0.8172,0.81612,0.36408,0.033508,-0.02011,-0.042996,-0.030094
-0.015719,0.020918,0.19637,0.61405,0.89098,0.57089,0.12385,-0.037966,-0.036314,-0.030107,-0.038644,-0.024388,0.16667,0.60237,0.90957,0.60002,0.16437,-0.015902,-0.026715,-0.047737
-0.041043,-0.053356,0.047943,0.43601,0.87425,0.79508,0.32338,0.0242,-0.014876,-0.035622,-0.048378,-0.031504,0.064481,0.43836,0.86417,0.75703,0.29682,0.010134,-0.020737,-0.046839
-0.059372,-0.028346,0.083161,0.46638,0.85273,0.72469,0.27566,-0.0049356,-0.043581,-0.063598,-0.047705,-0.031361,0.070626,0.45002,0.87035,0.74659,0.28634,0.0071271,-0.020921,-0.047269
-0.074001,-0.059327,0.17067,0.61326,0.89407,0.58241,0.14133,0.010204,-0.0044493,-0.026092,-0.037534,-0.022149,0.18252,0.62376,0.9087,0.57838,0.14931,-0.017283,-0.028009,-0.047009
-0.050859,-0.019404,0.27453,0.76497,0.84448,0.40011,0.063196,0.017629,-0.020269,-0.02022,-0.032236,0.01698,0.3322,0.78809,0.8422,0.40033,0.04874,-0.020163,-0.04056,-0.034112
-0.053734,-0.044123,0.075837,0.48644,0.89119,0.71981,0.2571,0.0024377,-0.03262,-0.087858,-0.045003,-0.030478,0.095853,0.49483,0.88998,0.70519,0.24767,-0.0025439,-0.021967,-0.048415
-0.04407,0.012623,0.35452,0.81012,0.84386,0.39802,0.060137,-0.0034296,-0.056635,-0.040843,-0.032013,0.025483,0.35412,0.80663,0.8263,0.37757,0.038958,-0.020118,-0.042116,-0.03164
-0.039033,0.023578,0.35701,0.79878,0.85736,0.3671,0.021141,-0.043616,-0.057987,-0.053037,-0.03221,0.017792,0.33438,0.79,0.84068,0.39804,0.047723,-0.020158,-0.04072,-0.033871
-0.064464,-0.0034213,0.33539,0.79318,0.84052,0.41162,0.060884,0.018121,0.0085452,0.0053079,-0.032473,0.01078,0.31495,0.7725,0.85389,0.41877,0.057198,-0.020206,-0.039251,-0.035986
-0.037094,0.042636,0.41263,0.84182,0.78553,0.33924,0.051468,-0.019348,-0.044458,-0.034273,-0.031679,0.046113,0.40132,0.84158,0.78873,0.33097,0.021245,-0.020208,-0.04498,-0.026048
-0.032343,-0.074456,0.050656,0.45908,0.88362,0.72262,0.27427,-0.024962,-0.041812,-0.059825,-0.046305,-0.030975,0.083537,0.47352,0.88147,0.72512,0.26576,0.0016998,-0.021401,-0.047971
-0.027684,-0.017022,0.20386,0.62389,0.9246,0.58923,0.18462,0.00051386,-0.023005,-0.038662,-0.038017,-0.023196,0.17541,0.61427,0.90929,0.58801,0.15593,-0.016712,-0.027422,-0.047357
-0.063546,-0.067429,0.0014084,0.37115,0.8092,0.81579,0.36817,0.040239,-0.015038,-0.011072,-0.051524,-0.031993,0.034954,0.37657,0.82415,0.80924,0.35531,0.02993,-0.020275,-0.043714
-0.056222,-0.016656,0.038711,0.35183,0.81608,0.85307,0.36097,0.022153,-0.00033683,-0.012557,-0.052855,-0.032287,0.020386,0.34107,0.79579,0.83616,0.39133,0.044616,-0.020287,-0.041339
-0.064717,-0.036585,0.14278,0.58933,0.92301,0.65005,0.19731,-0.024304,-0.01661,-0.03203,-0.040796,-0.027415,0.13981,0.56412,0.90712,0.63817,0.19253,-0.012497,-0.024674,-0.048545
-0.057647,-0.044822,0.13473,0.56086,0.89186,0.61434,0.19642,0.0037481,-0.025026,-0.034379,-0.039695,-0.026044,0.15302,0.58327,0.90898,0.61916,0.17823,-0.014362,-0.02565,-0.04822
-0.023182,-0.00398,0.29983,0.74762,0.8455,0.39592,0.040482,-0.031951,-0.028295,-0.019748,-0.032953,0.0024605,0.28959,0.74797,0.86955,0.44677,0.070933,-0.020228,-0.037212,-0.038605
-0.032924,0.019172,0.37057,0.84579,0.83414,0.38994,0.070683,0.0040907,-0.053733,-0.039326,-0.031907,0.030992,0.36745,0.8172,0.81612,0.36408,0.033508,-0.02011,-0.042996,-0.030094
-0.068191,0.0037493,0.36064,0.80308,0.81526,0.36485,0.028867,-0.022018,-0.02269,-0.012056,-0.031814,0.036809,0.38091,0.82731,0.80548,0.35073,0.028371,-0.020125,-0.04383,-0.028505
-0.081717,-0.040442,-0.0053169,0.31965,0.78816,0.84391,0.39306,0.075392,1.1925e-05,-0.043025,-0.052331,-0.032144,0.026492,0.35649,0.80858,0.82479,0.37546,0.037915,-0.020267,-0.042417
-0.042231,-0.025454,0.044179,0.37045,0.79589,0.77184,0.31706,0.0023158,-0.02304,-0.029302,-0.050911,-0.031901,0.040979,0.39011,0.83395,0.79831,0.34205,0.024998,-0.020311,-0.044514
-0.029843,-0.048158,-0.018401,0.33112,0.77077,0.82172,0.38055,0.047485,-0.047629,-0.064858,-0.053333,-0.032491,0.01391,0.32368,0.78051,0.8483,0.40967,0.052803,-0.02032,-0.040046
-0.022222,-0.023634,0.25365,0.70488,0.88539,0.47574,0.080926,-0.043527,-0.063742,-0.053313,-0.034077,-0.0084123,0.25079,0.70685,0.88941,0.49181,0.095216,-0.019972,-0.033909,-0.042224
-0.057892,-0.029537,0.13441,0.5537,0.91919,0.66913,0.2113,0.0093435,0.011124,0.00741,-0.042513,-0.029005,0.12086,0.53538,0.90198,0.66633,0.21473,-0.0090223,-0.023392,-0.048738
-0.043286,0.031567,0.38298,0.82308,0.77971,0.36314,0.034499,-0.035455,-0.058237,0.00085388,-0.03174,0.041892,0.39222,0.83538,0.79629,0.33971,0.024327,-0.020161,-0.044485,-0.02715
-0.069904,-0.030682,0.10022,0.49396,0.89394,0.75395,0.26928,-0.0037512,-0.020958,-0.027966,-0.047153,-0.031224,0.075691,0.4594,0.875,0.73809,0.27805,0.0048638,-0.021095,-0.047575
-0.033979,-0.053555,0.087386,0.51592,0.91667,0.68341,0.22923,-0.0047967,-0.0058899,-0.032665,-0.042805,-0.029221,0.1178,0.53059,0.90085,0.67097,0.21852,-0.0083586,-0.0232,-0.048736
-0.025738,-0.012913,0.059872,0.45269,0.86428,0.71208,0.26819,0.0024054,-0.031877,-0.059906,-0.04743,-0.031295,0.073142,0.45471,0.87271,0.74236,0.28219,0.0059798,-0.021005,-0.047426
-0.036749,-0.046125,0.18849,0.62847,0.91734,0.56061,0.15505,0.011494,0.00010301,-0.024666,-0.036733,-0.020106,0.19521,0.64027,0.90692,0.56152,0.138,-0.018128,-0.029077,-0.046309
-0.03334,-0.001167,0.29675,0.75013,0.84461,0.40061,0.029523,-0.017658,-0.033546,-0.0081705,-0.032615,0.0078775,0.30643,0.76446,0.85936,0.42806,0.061637,-0.020222,-0.038579,-0.036885
-0.032003,0.049525,0.34132,0.77187,0.86877,0.4277,0.060933,-0.036524,-0.028548,-0.02612,-0.032775,0.0051049,0.29797,0.75629,0.86459,0.43739,0.066215,-0.02023,-0.037899,-0.037759
-0.04091,-0.038209,0.24083,0.68464,0.85944,0.45053,0.075638,-0.01265,-0.038297,-0.071807,-0.03367,-0.0052724,0.26286,0.7201,0.88382,0.47751,0.087217,-0.020108,-0.034953,-0.041156
-0.0029407,0.00078031,0.060797,0.37692,0.79364,0.76763,0.35617,0.045873,0.02729,-0.017995,-0.051017,-0.031916,0.039953,0.38784,0.83235,0.80016,0.34425,0.025798,-0.020303,-0.044385
-0.040054,0.0078766,0.33651,0.79532,0.83656,0.41252,0.070208,0.0071304,-0.022271,-0.034019,-0.032318,0.014593,0.3257,0.78232,0.8467,0.40722,0.051846,-0.02018,-0.040075,-0.034826
-0.01749,0.023349,0.27229,0.71541,0.90065,0.49991,0.10196,0.0068522,0.0042075,-0.025064,-0.033868,-0.0068753,0.2568,0.7135,0.8867,0.48465,0.091179,-0.020048,-0.03443,-0.041699
-0.043481,-0.026562,0.024968,0.33812,0.80065,0.8401,0.38081,0.027919,-0.038228,-0.045107,-0.05305,-0.032357,0.017895,0.33452,0.79014,0.84082,0.39818,0.04762,-0.020299,-0.040861
-0.037027,-0.024833,0.13751,0.57792,0.90139,0.58714,0.15814,-0.018708,0.0031105,-0.046433,-0.04024,-0.026763,0.14636,0.5737,0.90821,0.62868,0.18533,-0.013472,-0.025151,-0.048402
-0.049514,-0.035657,0.012932,0.35675,0.81619,0.82356,0.38944,0.041576,-0.0083753,-0.034332,-0.0519,-0.032057,0.031108,0.36761,0.81735,0.81628,0.36423,0.033392,-0.020265,-0.043151
-0.038649,-0.022311,0.077249,0.45999,0.86413,0.72534,0.27459,0.015735,-0.022795,-0.040788,-0.048378,-0.031504,0.064481,0.43836,0.86417,0.75703,0.29682,0.010134,-0.020737,-0.046839
-0.00019818,0.034657,0.31021,0.78961,0.89471,0.44784,0.070292,-0.01005,-0.031664,-0.02928,-0.032733,0.005786,0.30008,0.75834,0.86331,0.43506,0.065058,-0.020229,-0.03807,-0.037543
-0.043611,-0.025815,0.16765,0.56319,0.89922,0.64528,0.18846,0.0084062,-0.036835,-0.066926,-0.039032,-0.025044,0.1615,0.59522,0.9095,0.60721,0.16952,-0.015361,-0.026305,-0.047937
-0.066158,-0.0592,0.0062431,0.31725,0.76482,0.8605,0.42762,0.051829,-0.036925,-0.033764,-0.053563,-0.032646,0.010131,0.31294,0.77063,0.8554,0.42123,0.058205,-0.020336,-0.03921
-0.030219,-0.015241,0.12795,0.52826,0.89458,0.63266,0.17868,-0.031633,-0.044717,-0.082261,-0.041504,-0.028141,0.13179,0.55214,0.90532,0.64996,0.20167,-0.011152,-0.024113,-0.048668
-0.05995,-0.034224,0.15337,0.5382,0.88081,0.65808,0.22382,0.0025183,-0.050977,-0.075679,-0.040936,-0.027568,0.13819,0.56172,0.9068,0.64053,0.19434,-0.012239,-0.024559,-0.048574
-0.062249,-0.049272,0.096652,0.47564,0.88875,0.69736,0.21465,-0.050648,-0.032974,-0.040315,-0.045585,-0.03072,0.090299,0.48534,0.88637,0.71411,0.25566,-0.00073065,-0.0217,-0.048241
0.00028483,0.012621,0.28542,0.77973,0.88907,0.45425,0.064517,-0.026368,-0.052061,-0.042652,-0.03315,-5.7603e-05,0.28128,0.73953,0.87425,0.45619,0.075789,-0.020212,-0.03652,-0.039423
-0.040999,0.043597,0.37453,0.82984,0.83938,0.35237,0.0046711,-0.013391,-0.016721,-0.026956,-0.031976,0.027286,0.35855,0.8102,0.82296,0.37306,0.037106,-0.020113,-0.042415,-0.03113
-0.017654,0.029384,0.32185,0.72278,0.82763,0.41642,0.06549,-0.00095583,-0.0036396,-0.02047,-0.032578,0.0085908,0.30855,0.76649,0.85802,0.42573,0.060514,-0.020218,-0.038748,-0.036663
-0.024918,0.013817,0.34301,0.79569,0.83822,0.37322,0.0038832,-0.04523,-0.064927,0.0050044,-0.032052,0.023715,0.34971,0.80302,0.8296,0.38209,0.040844,-0.020124,-0.041813,-0.032145
-0.034152,-0.025827,0.17893,0.64794,0.90862,0.58694,0.16047,-0.010237,-0.018082,-0.065669,-0.036844,-0.020415,0.19338,0.63792,0.90723,0.56393,0.1396,-0.018019,-0.028922,-0.046416
-0.066821,0.011599,0.40584,0.86857,0.81342,0.34972,0.0082243,-0.039148,-0.050195,-0.024176,-0.031679,0.046113,0.40132,0.84158,0.78873,0.33097,0.021245,-0.020208,-0.04498,-0.026048
-0.06247,-0.01431,0.039866,0.38694,0.82697,0.8444,0.40351,0.045885,-0.0017542,-0.015251,-0.051715,-0.032024,0.033014,0.37208,0.82078,0.81278,0.35976,0.031644,-0.020269,-0.043435
-0.040455,-0.03222,0.093178,0.50429,0.89753,0.66851,0.21178,-0.03517,-0.00010914,-0.058145,-0.043537,-0.029709,0.11029,0.51865,0.8977,0.6825,0.2281,-0.0065874,-0.022748,-0.048688
-0.047654,-0.042839,0.0055046,0.36564,0.81653,0.78566,0.32723,0.024158,-0.013102,-0.028725,-0.051017,-0.031916,0.039953,0.38784,0.83235,0.80016,0.34425,0.025798,-0.020303,-0.044385
-0.026264,-0.033884,0.12648,0.5566,0.92129,0.66351,0.20074,-0.026092,-0.043144,-0.064281,-0.04024,-0.026763,0.14636,0.5737,0.90821,0.62868,0.18533,-0.013472,-0.025151,-0.048402
-0.035233,-0.02423,0.26982,0.72298,0.84409,0.44449,0.048996,-0.054619,-0.079473,-0.084034,-0.032861,0.0037668,0.29377,0.75215,0.8671,0.44208,0.068557,-0.020231,-0.037556,-0.038185
-0.020621,-0.037138,0.20074,0.69363,0.91112,0.517,0.10987,-0.0012276,-0.057523,-0.079567,-0.034615,-0.011748,0.23695,0.69112,0.89509,0.50856,0.10493,-0.019727,-0.032701,-0.043377
0.014484,0.017715,0.28525,0.72302,0.88738,0.49958,0.10325,0.010594,-0.057182,-0.071426,-0.03415,-0.0089101,0.2488,0.70462,0.89027,0.4942,0.096578,-0.019943,-0.033735,-0.042395
-0.028426,-0.032875,0.056331,0.42,0.85122,0.73572,0.30003,0.026534,-0.0076715,-0.03161,-0.047292,-0.031261,0.074412,0.45705,0.87387,0.74023,0.28012,0.0054179,-0.021049,-0.047502
-0.059046,-0.034163,0.12739,0.5401,0.93073,0.66018,0.19111,-0.047705,-0.029263,-0.023521,-0.041219,-0.027862,0.13497,0.55693,0.9061,0.64525,0.19799,-0.011707,-0.024333,-0.048626
-0.011496,0.020923,0.28384,0.73072,0.86451,0.46827,0.11101,-0.0050758,0.0014298,-0.0046872,-0.033485,-0.0036025,0.26895,0.72664,0.88079,0.47038,0.083331,-0.020155,-0.035476,-0.040595
-0.062191,-0.05399,0.02301,0.38463,0.85091,0.78817,0.30821,0.011775,-0.019849,-0.015516,-0.051122,-0.031932,0.038936,0.38558,0.83074,0.802,0.34646,0.026608,-0.020296,-0.044254
-0.032553,0.053829,0.40433,0.86,0.80316,0.3491,0.029567,-0.026297,-0.051678,-0.007471,-0.031725,0.042935,0.39449,0.83695,0.79442,0.33752,0.023544,-0.020171,-0.044611,-0.026876
-0.037499,-0.024591,0.014171,0.34359,0.79947,0.82364,0.37398,0.055153,-0.022288,-0.052693,-0.052411,-0.032163,0.025595,0.35427,0.80679,0.82646,0.37772,0.038846,-0.020269,-0.042267
-0.025551,-0.037858,0.049162,0.34269,0.78583,0.83222,0.40147,0.036308,-0.047442,-0.024615,-0.052411,-0.032163,0.025595,0.35427,0.80679,0.82646,0.37772,0.038846,-0.020269,-0.042267
-0.0011423,-0.02738,0.14483,0.60312,0.90265,0.57145,0.13875,-0.030531,-0.030082,-0.016745,-0.036956,-0.020718,0.19155,0.63556,0.90753,0.56634,0.1412,-0.017906,-0.028767,-0.046521
-0.03417,-0.016137,0.11232,0.53259,0.92102,0.70353,0.22598,-0.0005168,-0.019489,-0.048081,-0.044417,-0.030201,0.10153,0.50434,0.89329,0.69618,0.23977,-0.0042437,-0.02226,-0.048553
-0.038038,-0.014485,0.18235,0.61266,0.90167,0.61432,0.16966,-0.027816,-0.04441,-0.058156,-0.040103,-0.026589,0.14802,0.57609,0.90843,0.62631,0.18354,-0.013702,-0.025273,-0.04836
-0.081626,-0.051304,0.16814,0.61435,0.88041,0.56548,0.12787,-0.025373,-0.027861,-0.042084,-0.037069,-0.021015,0.18974,0.63321,0.9078,0.56875,0.14281,-0.017789,-0.028613,-0.046623
-0.066323,-0.062037,0.097127,0.52764,0.89312,0.65752,0.21705,-0.026379,-0.04204,-0.051274,-0.044124,-0.030048,0.10442,0.5091,0.89483,0.69164,0.23586,-0.005052,-0.022416,-0.048607
-0.069393,-0.058802,0.046056,0.40342,0.84389,0.73127,0.2798,-0.012274,-0.056424,-0.088306,-0.047153,-0.031224,0.075691,0.4594,0.875,0.73809,0.27805,0.0048638,-0.021095,-0.047575
-0.0070557,0.058407,0.38995,0.80669,0.83451,0.37545,0.063241,-0.022404,-0.033902,-0.011524,-0.032052,0.023715,0.34971,0.80302,0.8296,0.38209,0.040844,-0.020124,-0.041813,-0.032145
-0.086502,-0.07672,0.084959,0.48169,0.88668,0.69707,0.23759,-0.032198,-0.027692,-0.072262,-0.04383,-0.029884,0.10734,0.51387,0.8963,0.68708,0.23197,-0.0058331,-0.022579,-0.048653
-0.013722,0.039307,0.36306,0.81045,0.85276,0.40269,0.070988,-0.010708,-0.027843,-0.046452,-0.032262,0.016176,0.33003,0.78618,0.84372,0.40262,0.049767,-0.020169,-0.040399,-0.034351
-0.038484,0.055223,0.39122,0.80252,0.78432,0.33167,0.0023659,-0.053842,-0.071065,-0.036023,-0.03174,0.041892,0.39222,0.83538,0.79629,0.33971,0.024327,-0.020161,-0.044485,-0.02715
-0.054981,-0.049797,0.073235,0.48807,0.90447,0.73148,0.29313,0.02735,-0.0084597,-0.0073392,-0.045874,-0.030828,0.08757,0.48061,0.88446,0.71853,0.25968,0.00021941,-0.021576,-0.04814
-0.050739,-0.046142,0.19905,0.67721,0.91053,0.53091,0.1334,0.0088265,-0.02612,-0.029324,-0.035404,-0.015542,0.21955,0.67055,0.90106,0.53019,0.118,-0.019243,-0.031179,-0.044707
0.0045505,0.0073145,0.21633,0.67868,0.89394,0.53629,0.11927,-0.0023811,-0.0071909,-0.038434,-0.035039,-0.013923,0.22723,0.67974,0.8986,0.52057,0.11211,-0.019484,-0.031851,-0.044138
-0.040395,-0.02306,0.10501,0.4951,0.87509,0.65737,0.20246,-0.0034171,0.01358,-0.0050825,-0.044564,-0.030274,0.1001,0.50196,0.89249,0.69844,0.24174,-0.0038292,-0.022184,-0.048522
-0.039611,-0.021648,0.089139,0.52311,0.89143,0.6804,0.24324,0.0084198,0.016317,-0.035518,-0.045003,-0.030478,0.095853,0.49483,0.88998,0.70519,0.24767,-0.0025439,-0.021967,-0.048415
-0.021282,0.010213,0.22724,0.66136,0.88451,0.53639,0.12461,-0.02467,-0.039753,-0.037171,-0.035789,-0.017058,0.21195,0.6613,0.90321,0.53982,0.12401,-0.018957,-0.030519,-0.045241
-0.034268,-0.022527,0.18413,0.62839,0.87745,0.54831,0.15071,-0.0046552,-0.04839,-0.056604,-0.036623,-0.019791,0.19705,0.64262,0.90659,0.55911,0.13642,-0.018234,-0.029234,-0.0462
-0.015546,-0.0096572,0.025152,0.38896,0.85107,0.83687,0.34368,0.0434,-0.00023983,-0.016786,-0.051017,-0.031916,0.039953,0.38784,0.83235,0.80016,0.34425,0.025798,-0.020303,-0.044385
-0.038797,-0.057762,0.17414,0.66068,0.9333,0.57704,0.1329,-0.014854,-0.060553,-0.063411,-0.03599,-0.017778,0.20819,0.65665,0.90417,0.54464,0.12707,-0.018796,-0.030193,-0.045494
-0.034314,-0.022799,0.13232,0.53384,0.91973,0.69613,0.23543,0.0027999,-0.027441,-0.071161,-0.042805,-0.029221,0.1178,0.53059,0.90085,0.67097,0.21852,-0.0083586,-0.0232,-0.048736
-0.055784,-0.0277,0.20016,0.62342,0.90776,0.58228,0.14687,-0.021136,-0.027317,-0.035648,-0.036956,-0.020718,0.19155,0.63556,0.90753,0.56634,0.1412,-0.017906,-0.028767,-0.046521
-0.027269,0.004985,0.31913,0.77425,0.85223,0.40649,0.042339,-0.047135,-0.023871,-0.058012,-0.032578,0.0085908,0.30855,0.76649,0.85802,0.42573,0.060514,-0.020218,-0.038748,-0.036663
-0.017217,0.025266,0.33145,0.79227,0.87771,0.45404,0.053567,-0.020813,-0.013755,0.0029271,-0.032507,0.010042,0.31282,0.7705,0.85528,0.42109,0.058295,-0.02021,-0.039084,-0.036213
-0.013579,0.041302,0.34501,0.81229,0.85678,0.40318,0.052314,-0.0021678,-0.018392,-0.01817,-0.032094,0.021981,0.34531,0.79935,0.83283,0.38663,0.042766,-0.020133,-0.041506,-0.032645
-0.024653,-0.030821,0.12007,0.55829,0.92172,0.66052,0.22098,0.004544,-0.013807,-0.057331,-0.041504,-0.028141,0.13179,0.55214,0.90532,0.64996,0.20167,-0.011152,-0.024113,-0.048668
-0.054706,-0.015784,0.040765,0.37349,0.81181,0.79111,0.32436,-0.0052032,-0.023196,-0.03023,-0.051426,-0.031977,0.035937,0.37882,0.82582,0.80745,0.35309,0.029087,-0.020279,-0.043851
-0.025125,-0.0023969,0.069866,0.39147,0.83743,0.79878,0.34002,0.015582,-0.03961,-0.05492,-0.050128,-0.031791,0.048396,0.40605,0.84475,0.78505,0.32676,0.019633,-0.020397,-0.045376
-0.042046,-0.018815,0.29208,0.7531,0.86493,0.42051,0.0634,-0.031399,-0.060878,-0.062614,-0.032615,0.0078775,0.30643,0.76446,0.85936,0.42806,0.061637,-0.020222,-0.038579,-0.036885
-0.043613,-0.032634,0.088058,0.47547,0.90131,0.72902,0.26213,-0.00070648,-0.015454,-0.032643,-0.046447,-0.031021,0.082209,0.47116,0.88043,0.7273,0.26779,0.0022082,-0.021346,-0.047911
-0.034108,0.032091,0.35916,0.82738,0.83319,0.34869,0.0016689,-0.041055,-0.057172,-0.01889,-0.031924,0.030053,0.36522,0.81547,0.81785,0.36632,0.034395,-0.02011,-0.042853,-0.030355
-0.041729,-0.026327,0.076127,0.44097,0.8884,0.7677,0.30857,0.025591,-0.0090168,-0.044605,-0.04851,-0.031529,0.063277,0.43604,0.86288,0.7591,0.29893,0.010759,-0.020704,-0.046747
-0.046964,-0.029341,0.11458,0.52502,0.90901,0.67759,0.22628,0.00034464,0.008555,-0.047448,-0.042368,-0.028891,0.12239,0.53777,0.90252,0.664,0.21285,-0.0093448,-0.02349,-0.048735
