-0.040954,0.0083706,0.17109,0.60821,1.0048,0.59865,0.19034,-0.0146,-0.030841,-0.057927,-1
-0.023817,0.01329,0.025475,0.15948,0.56667,0.97893,0.59575,0.18043,0.016295,-0.024927,0
-0.046282,-0.026074,-0.0027669,0.14093,0.52235,0.96552,0.58842,0.17554,-0.0050632,-0.047244,0
-0.011023,-0.020113,-0.018829,0.15819,0.58667,1.0156,0.58068,0.17332,0.034793,0.0043093,-0
-0.035866,-0.048949,-0.057508,0.13808,0.58051,0.99798,0.59665,0.1809,-0.013367,-0.033532,-0
-0.0080442,-0.0025769,0.024984,0.19373,0.60127,0.9909,0.58186,0.17182,-0.012037,-0.028057,-0
-0.030488,-0.025995,0.012776,0.19555,0.59234,1.0025,0.60493,0.20083,-0.0053895,-0.019885,0
-0.0034721,-0.01681,0.021311,0.19903,0.59917,0.96846,0.56624,0.17717,-0.027657,-0.047074,0
0.0010825,-0.05565,-0.04833,-0.0017053,0.17179,0.59124,1.0226,0.5977,0.18138,0.039812,1
-0.021319,-0.013458,-0.015773,0.1511,0.57364,1.0241,0.58573,0.1716,-0.035795,-0.050337,-0
0.031256,-0.034913,0.0026155,0.027673,0.20558,0.60202,0.99225,0.58735,0.16672,-0.0018885,1
-0.075666,-0.049781,0.015233,0.18372,0.57917,0.99445,0.61686,0.18998,0.006635,-0.040815,-0
0.0031719,-0.066085,-0.063791,-0.0077933,0.22757,0.61782,1.0145,0.58921,0.18185,-0.016242,1
-0.030207,-0.042095,-0.0057841,0.18013,0.59642,0.99486,0.5747,0.15772,-0.0078138,-0.031786,0
-0.01125,0.0015826,0.18756,0.60818,1.0142,0.58251,0.19194,0.02409,0.0039454,-0.026702,-1
-0.036942,-0.017297,0.00066233,0.16231,0.56754,0.9766,0.58151,0.18075,0.013587,-0.014163,-0
-0.046326,-0.016909,-0.02521,0.16506,0.58493,1.0134,0.59474,0.16462,-0.029182,-0.063875,0
-0.039102,-0.033747,-0.0029156,0.1817,0.57428,0.97477,0.5662,0.18429,0.025216,-0.0077306,-0
-0.03679,-0.026733,-0.0086154,0.15081,0.56361,0.98687,0.59837,0.20795,0.020496,-0.0070965,-0
-0.036516,-0.032928,-0.0094853,0.18701,0.61681,1.006,0.56763,0.15835,-0.022337,-0.058143,-0
-0.035196,0.0052781,0.00066056,0.17335,0.58627,1.0038,0.59873,0.20537,0.032809,-0.0039457,0
-0.027763,-0.0078895,0.027615,0.19007,0.58013,0.97682,0.59018,0.17662,-0.0079943,-0.010645,0
-0.035138,-0.010893,-0.0024924,0.16751,0.56736,0.97606,0.56606,0.14936,0.0056842,0.0054144,-0
0.032108,-0.051875,0.0060864,0.013463,0.18088,0.59909,1.017,0.59845,0.19925,0.0099216,1
-0.032642,0.011257,0.19021,0.60072,0.97754,0.5452,0.15151,-0.040134,-0.054639,-0.05178,-1
-0.058345,-0.05314,-0.0052347,0.20519,0.61402,0.99391,0.55695,0.1459,-0.00027233,-0.026716,-0
-0.029738,-0.017956,-0.0037757,0.13075,0.54751,0.98137,0.5807,0.16108,-0.017287,-0.051112,0
-0.033714,-0.014582,0.021263,0.17733,0.559,0.96505,0.59643,0.19498,-0.00086079,-0.023925,-0
-0.028323,-0.00033763,0.0097623,0.18625,0.59748,1.0211,0.61596,0.20405,0.044272,-0.014643,0
-0.043803,-0.0059786,1.8063e-05,0.16705,0.57845,0.98257,0.58301,0.18708,0.044815,-0.010583,0
-0.060923,-0.025676,-0.0074148,0.17206,0.58891,1.0269,0.61285,0.2024,0.021282,-0.013597,-0
-0.026922,-0.022816,-0.00549,0.18974,0.60515,0.994,0.56185,0.17487,-0.0011805,-0.012211,0
-0.024685,-0.034216,0.015291,0.19065,0.61533,1.0164,0.62046,0.19043,-0.0031381,-0.033383,0
-0.07547,-0.060402,-0.023132,0.16272,0.5973,1.0219,0.59472,0.14029,-0.038966,-0.018623,-0
-0.042083,-0.042612,-0.0045191,0.17434,0.57499,1.0176,0.59987,0.2017,0.0096107,-0.0072565,-0
-0.044348,-0.047363,-0.03554,0.18392,0.57603,0.97515,0.58324,0.18578,0.019136,-0.0093155,-0
-0.031112,-0.016841,-0.0044843,0.17563,0.59433,0.99281,0.59646,0.18504,0.018758,0.0027237,-0
-0.06312,-0.038877,-0.0078382,0.16297,0.58142,0.9832,0.57337,0.16243,-0.013904,-0.050433,0
0.019112,-0.032223,-0.011046,0.0069587,0.20513,0.57947,0.99091,0.5961,0.2262,0.030648,1
-0.027275,-0.049254,-0.026351,0.16835,0.58989,1.0123,0.58791,0.16796,0.014384,-0.030307,-0
-0.004845,0.016198,0.034393,0.20229,0.60011,0.95836,0.54445,0.14338,-0.0010968,-0.012627,0
-0.049366,0.01017,0.16072,0.55461,1.0135,0.6089,0.1995,0.023053,0.012567,-0.016762,-1
-0.040854,-0.010946,-0.011599,0.19061,0.59765,1.0325,0.61274,0.18408,0.01893,-0.02239,0
0.040932,-0.033348,0.013993,0.046861,0.20181,0.58629,0.99724,0.60332,0.21531,0.0099189,1
0.014743,-0.052431,-0.040654,-0.0092782,0.17774,0.59485,1.0021,0.58267,0.18744,0.0091671,1
-0.021402,-0.012844,0.022491,0.19738,0.61196,1.0325,0.6137,0.18823,0.020854,-0.023709,-0
-0.037751,-0.0047053,0.026121,0.18937,0.58331,0.98148,0.57708,0.14994,-0.0341,-0.04776,-0
-0.023221,-0.00033749,0.020589,0.1946,0.57071,1.0007,0.57532,0.1497,-0.016514,-0.014254,0
-0.041175,-0.016305,0.031545,0.2267,0.58761,0.97043,0.56664,0.15854,-0.012841,-0.052106,0
-0.045236,-0.033915,0.0030119,0.17856,0.58917,1.0133,0.56601,0.13247,-0.018592,-0.03182,0
-0.012883,0.0021172,-0.00062206,0.18099,0.58232,0.9877,0.60618,0.19581,-0.01383,-0.048156,-0
-0.03679,-0.031075,0.018158,0.19626,0.61227,1.0017,0.57676,0.17611,0.0012602,-0.020617,0
-0.039408,-0.0084707,0.030812,0.18603,0.59102,0.97196,0.59735,0.18657,-0.023317,-0.053712,-0
-0.036529,-0.017302,-0.012836,0.15502,0.58159,1.0084,0.59203,0.18802,-0.007226,-0.052329,0
-0.017733,-0.026071,-0.024149,0.18091,0.62974,1.0159,0.60445,0.20514,0.010637,-0.0093978,-0
-0.049392,-0.032847,-0.016845,0.17097,0.60948,1.0055,0.56578,0.15053,-0.028081,-0.034302,0
-0.048064,-0.068118,-0.063978,0.17634,0.61632,1.0023,0.60247,0.20374,0.041891,0.0097862,0
-0.05569,-0.040964,-0.025628,0.14504,0.56877,1.0011,0.57199,0.14729,-0.017755,-0.028116,0
-0.027269,-0.024166,-0.0039998,0.15888,0.56531,0.97985,0.58975,0.19041,0.0092856,-0.017207,0
-0.026159,-0.0013389,0.010979,0.17896,0.55707,0.95475,0.55525,0.18484,0.014991,-0.028832,-0
-0.028048,0.0023923,0.16351,0.61084,0.99844,0.56233,0.13835,-0.028129,-0.067421,-0.052108,-1
-0.025616,-0.029245,-0.036107,0.14877,0.57886,0.99775,0.56932,0.13809,-0.036632,-0.053358,0
-0.055817,-0.031271,0.021385,0.19625,0.59057,0.9852,0.5936,0.18562,0.0027862,-0.014796,0
-0.0055925,0.0063127,0.19815,0.56966,1.0042,0.6155,0.22583,0.040202,-0.026252,-0.093139,-1
-0.03959,-0.0056202,0.046181,0.20812,0.60059,1.0231,0.60038,0.19052,0.031952,-0.0052062,0
-0.021875,-0.016315,0.0058818,0.19346,0.56607,0.98039,0.56759,0.17739,-0.026904,-0.039876,-0
-0.003797,0.053041,0.25723,0.63768,1.0198,0.59848,0.19042,0.0082077,-0.013109,-0.027451,-1
-0.082135,-0.068837,-0.032686,0.14698,0.57625,0.98772,0.59972,0.1866,-0.01188,-0.031163,0
-0.037164,-0.021568,0.0044522,0.16346,0.56987,0.9547,0.56202,0.19838,-0.0035354,-0.022208,0
-0.069782,-0.059916,-0.036056,0.14405,0.55347,0.98421,0.58243,0.16391,-0.0028231,-0.017837,0
-0.0742,-0.040533,-0.013506,0.18769,0.61694,1.0084,0.59109,0.18969,-0.0032538,-0.043978,0
-0.064114,-0.02952,-0.016439,0.16478,0.58709,1.0244,0.61182,0.18784,-0.012827,-0.034098,0
-0.034883,-0.025306,0.00058572,0.17475,0.56438,0.98789,0.59575,0.18833,0.0024712,-0.015943,0
0.030423,-0.022714,-0.025614,-0.022045,0.17725,0.59928,0.97836,0.56235,0.16093,-0.0091797,1
-0.056713,-0.03955,-0.010553,0.17809,0.57734,0.99517,0.59667,0.16951,-0.00086479,-0.02824,0
-0.041788,-0.022566,0.015791,0.14214,0.54406,0.9596,0.55521,0.1658,-0.0027974,-0.021266,0
-0.026118,-0.0097458,0.18145,0.61276,1.0197,0.60679,0.1656,-0.021439,-0.016709,-0.0029122,-1
-0.041197,-0.012461,-0.014741,0.16367,0.60854,1.0158,0.58858,0.16468,0.01391,-0.02323,-0
-0.071152,-0.033911,0.0010517,0.17101,0.5811,0.99196,0.58217,0.17785,-0.0058286,-0.014183,0
-0.034677,-0.01889,0.016507,0.17323,0.59566,1.0043,0.59003,0.17701,0.041258,0.0089334,0
-0.029812,0.012982,0.015462,0.16521,0.59722,1.0264,0.61225,0.18888,0.0025743,-0.040281,-0
-0.053643,-0.03657,-0.0050423,0.1779,0.55814,0.9524,0.54558,0.16057,0.0058615,-0.0047303,-0
-0.054084,0.00076599,0.03794,0.19232,0.58751,1.0089,0.60518,0.18622,0.031246,0.0058,-0
-0.0096148,0.014899,0.00076476,0.18588,0.59629,1.0109,0.57498,0.15392,0.010728,-0.022293,-0
-0.043176,0.0030081,0.039957,0.22193,0.61288,0.98246,0.57036,0.18145,0.018638,-0.023259,0
-0.067136,-0.013081,-0.010255,0.16864,0.58152,0.98599,0.57475,0.14012,-0.024813,-0.027415,0
-0.027474,-0.0099438,0.0019804,0.18834,0.60726,1.0278,0.61683,0.20051,0.01713,-0.0087844,0
-0.034357,-0.047365,0.00046059,0.20954,0.63185,1.0013,0.57369,0.18205,0.0074401,-0.013722,0
-0.026255,-0.011915,0.036184,0.18584,0.59078,0.98738,0.58813,0.1913,0.019368,-0.010798,-0
-0.038542,-0.01747,0.013299,0.17914,0.58832,1.0054,0.56583,0.17524,0.00033387,-0.026369,-0
-0.016679,-0.01162,0.0012827,0.18212,0.60672,1.0379,0.63188,0.17806,0.02809,0.011563,0
-0.055271,-0.016681,0.018467,0.17105,0.56901,0.98572,0.57329,0.15338,-0.015135,-0.045705,0
-0.041822,-0.033722,0.046826,0.22712,0.59899,0.9857,0.60448,0.19976,0.013306,-0.037083,0
-0.02486,-0.020892,0.017418,0.18655,0.57183,0.97143,0.57119,0.18209,0.01954,-0.008494,0
-0.012111,-0.042851,-0.0091953,0.21827,0.61647,1.0044,0.58956,0.18083,0.0083638,-0.0096626,0
-0.068411,-0.040343,-0.0049252,0.19289,0.58257,1.0205,0.60272,0.17799,-0.020019,-0.029598,0
-0.03778,-0.043873,-0.024295,0.18517,0.60441,1.0229,0.60109,0.1652,-0.00096585,-0.022511,-0
-0.060599,-0.055184,-0.02321,0.15362,0.57728,1.0037,0.57864,0.15987,-0.029388,-0.072847,-0
-0.043752,-0.0086377,0.0033347,0.19131,0.60995,0.99413,0.58007,0.20205,0.0092528,-0.038097,0
0.010485,-0.043095,-0.029714,0.029672,0.18906,0.54069,0.97054,0.59191,0.16848,-0.023171,1
-0.045075,-0.055991,-0.025918,0.15772,0.58107,0.94557,0.54108,0.163,-0.00512,-0.045542,-0
-0.010058,0.029798,0.1979,0.5745,0.99579,0.61051,0.17798,-0.040383,-0.074737,-0.060934,-1
-0.053161,0.014089,0.04989,0.20182,0.5859,0.98756,0.58595,0.15316,-0.039301,-0.052247,0
-0.035906,-0.046619,-0.036718,0.17776,0.59397,0.99823,0.60993,0.19195,0.0031544,-0.029802,0
0.024932,-0.032965,-0.018708,0.0063681,0.18926,0.57385,0.99023,0.5826,0.16377,-0.010795,1
-0.061551,-0.042314,-0.0023832,0.16084,0.60416,1.0196,0.60479,0.20083,0.025899,0.001339,0
0.0090787,-0.067298,0.0078592,0.019913,0.18176,0.58254,1.009,0.61779,0.1835,-0.015773,1
-0.051371,0.018016,0.18481,0.61582,1.0005,0.57924,0.15629,-0.013822,-0.04261,-0.035386,-1
-0.017566,0.030824,0.026624,0.17088,0.57295,1.0001,0.58699,0.19433,0.017698,-0.011745,-0
-0.020558,-0.028471,-0.0143,0.19094,0.63361,1.0441,0.61606,0.20226,0.001494,-0.048127,0
-0.052874,-0.053281,-0.0047176,0.19472,0.61172,1.022,0.59083,0.16756,-0.015942,0.0054832,0
-0.03941,-0.024881,-0.01162,0.13919,0.53386,0.9679,0.56891,0.16218,-0.011714,-0.057224,0
-0.030897,-0.015897,-0.011131,0.19165,0.61742,1.0424,0.61227,0.19479,0.0073433,-0.014369,-0
-0.028246,-0.018748,0.0013673,0.17994,0.61914,1.0202,0.59049,0.18162,0.0026165,-0.045044,-0
0.0046341,0.00712,0.013251,0.15838,0.58533,1.009,0.58047,0.16557,0.025348,-0.0030241,0
-0.042097,-0.012383,0.039763,0.19325,0.59241,1.0207,0.62227,0.23072,0.023324,-0.002427,0
-0.026309,-0.028094,0.0094742,0.17858,0.58268,1.0135,0.62895,0.20848,-0.00088617,-0.025814,0
-0.056253,-0.01078,0.19491,0.62237,1.0032,0.61088,0.21671,0.03128,-0.017681,-0.028467,-1
-0.016663,-0.030287,-0.020852,0.17722,0.60263,0.99743,0.59189,0.17226,-0.0017088,-0.021972,-0
-0.028263,-0.027368,0.0043626,0.19926,0.60826,0.98869,0.60467,0.22663,0.030051,-0.00071595,-0
-0.024743,-0.019951,0.014214,0.18641,0.58791,0.9824,0.56931,0.17003,-0.013448,-0.063818,0
-0.049634,-0.0084886,0.17447,0.57618,0.96965,0.59526,0.17674,-0.0077654,-0.037266,-0.056918,-1
-0.041704,-0.043719,-0.012179,0.14748,0.57503,0.98312,0.60167,0.20147,0.030441,-0.02584,-0
-0.0035415,0.033851,0.023647,0.16959,0.59278,0.98888,0.57023,0.16283,2.0359e-05,-0.036651,-0
-0.044476,-0.046413,-0.0090835,0.18036,0.59497,1.0077,0.57896,0.1666,-0.018552,-0.035416,0
0.011271,-0.012745,-0.03142,0.17421,0.59009,0.98672,0.56277,0.19023,0.027134,0.0059082,-0
-0.041273,-0.018842,0.0067281,0.19084,0.59459,1.0008,0.58843,0.19441,0.0058146,-0.012716,-0
-0.043609,-0.020654,-0.0070961,0.20278,0.62037,1.03,0.61089,0.19502,0.015403,-0.046635,0
-0.0061575,0.014204,0.18041,0.56969,0.99436,0.58711,0.18959,-0.011778,-0.036685,-0.061258,-1
-0.032475,-0.035537,0.0047644,0.20191,0.59563,0.99554,0.5775,0.1778,0.0048778,-0.037122,0
-0.020209,-0.010425,0.012875,0.17133,0.57881,0.96433,0.58829,0.17952,-0.037836,-0.065241,-0
-0.010325,0.0057575,0.053225,0.19409,0.6015,0.99624,0.56254,0.18034,0.0070843,-0.01976,0
-0.016271,-0.011989,0.019862,0.17086,0.57066,0.99118,0.57997,0.16469,-0.016242,-0.032574,-0
0.0041491,-0.040725,-0.032153,-0.017003,0.16976,0.57882,0.99666,0.60388,0.18992,-0.028147,1
-0.045714,-0.03199,0.0067492,0.18759,0.58796,0.96538,0.55986,0.18613,0.0078057,-0.013773,0
-0.023158,-0.0088268,0.18195,0.57953,0.9928,0.57939,0.15897,-0.0011988,-0.015092,-0.011278,-1
-0.032931,-0.036055,-0.0050814,0.19213,0.60375,0.99397,0.58032,0.17563,-0.00012951,-0.052484,-0
-0.043404,-0.018559,0.0091775,0.18407,0.58649,0.97584,0.56693,0.15908,-0.029367,-0.053401,-0
-0.04244,-0.014121,0.19543,0.59721,0.9982,0.59204,0.18584,0.0060002,-0.03086,-0.047856,-1
-0.025135,-0.012851,0.030881,0.17495,0.56208,0.99127,0.6202,0.17433,-0.035683,-0.037211,0
-0.064935,-0.069159,-0.010715,0.17142,0.61688,1.0175,0.6153,0.15111,-0.022862,-0.028269,-0
-0.053739,-0.062258,-0.021624,0.18813,0.6033,1.0131,0.60521,0.18542,-0.0092455,-0.049605,-0
-0.051988,-0.063773,-0.046844,0.15965,0.59578,1.0116,0.58937,0.17652,-0.019591,-0.019685,-0
-0.020877,-0.013318,0.001196,0.17617,0.57928,0.96795,0.56764,0.17073,-0.0088182,-0.036827,-0
-0.064296,-0.04647,0.0027003,0.16068,0.57097,0.97857,0.60454,0.22601,0.031104,-0.009352,-0
-0.039799,-0.024864,-0.018765,0.14473,0.57021,0.9917,0.56594,0.17634,0.016615,-0.022356,0
-0.056683,-0.065791,-0.016249,0.21682,0.63341,1.0123,0.59985,0.17275,-0.020995,-0.025367,-0
-0.015095,0.014032,0.029556,0.19885,0.56485,0.9555,0.56633,0.16719,-0.013314,-0.016961,0
-0.049617,-0.029502,0.019668,0.20644,0.5764,0.99862,0.5941,0.16216,-0.023738,-0.02196,0
-0.042511,-0.017885,-0.0071977,0.18125,0.59287,0.99767,0.60185,0.19797,-0.031119,-0.059885,0
-0.039736,-0.013859,-0.01201,0.15968,0.57967,1.0175,0.5852,0.17265,-0.0097188,-0.041655,-0
-0.043471,-0.061632,-0.011724,0.20912,0.59399,0.98008,0.57996,0.18361,0.015852,0.0064024,0
-0.0018912,-0.042895,-0.041961,-0.05276,0.13642,0.58138,0.97927,0.56031,0.15402,0.018276,1
-0.056875,-0.021955,0.058803,0.21207,0.62105,1.0121,0.5862,0.18448,0.00060754,-0.039349,0
-0.0036564,-0.0083069,0.0089741,0.16642,0.57308,1.0059,0.62834,0.19807,-0.030776,-0.067486,-0
-0.07824,-0.053829,-0.016554,0.17297,0.60098,1.0205,0.60305,0.20007,0.034149,-0.0081899,0
-0.033887,-0.013544,0.0046923,0.1767,0.59022,0.99726,0.56497,0.15811,-0.050729,-0.058474,-0
-0.012621,-0.0056013,0.01602,0.1704,0.60795,1.023,0.60525,0.20216,0.031162,-0.035048,0
-0.016945,0.0074929,0.20833,0.60678,1.0059,0.59482,0.19745,-0.0010378,-0.05908,-0.048906,-1
-0.05338,-0.027469,-0.0011219,0.1756,0.60016,1.0064,0.61847,0.2358,0.050783,-0.0022489,0
-0.050086,-0.031206,-0.026417,0.1537,0.57659,0.99465,0.59659,0.17236,-0.017028,-0.046852,0
-0.061103,-0.082305,-0.029122,0.18712,0.63156,1.0254,0.59049,0.20197,-0.0051382,-0.038024,-0
-0.021085,-0.041614,-0.0062841,0.20088,0.60862,1.0128,0.62805,0.19081,0.013351,-0.024986,0
-0.02654,-0.0223,0.022552,0.19324,0.57843,1.0033,0.6051,0.17719,-0.02153,-0.037169,-0
-0.030349,-0.02844,-0.0042891,0.16999,0.59367,1.0073,0.5875,0.20574,0.0097471,-0.020864,0
-0.077775,-0.054504,0.0024564,0.18394,0.58142,1.0088,0.62083,0.19183,-0.019675,-0.044333,0
-0.023303,-0.035675,0.16842,0.61801,1.0257,0.58175,0.16206,-0.003782,-0.040811,-0.05416,-1
-0.0053142,-0.047168,-0.021186,-0.0028254,0.1565,0.57794,1.0083,0.59505,0.19696,0.0096526,1
-0.0022149,0.021531,0.043037,0.22973,0.61534,0.99245,0.60806,0.18083,-0.0086931,-0.030384,-0
-0.046073,-0.011251,0.0076836,0.18802,0.60119,1.0312,0.60148,0.18889,0.0010263,-0.023291,-0
-0.024857,0.0019061,0.1821,0.57834,0.98957,0.57509,0.16134,-0.030915,-0.03654,-0.054167,-1
-0.034105,-0.051158,0.0013274,0.18072,0.59725,0.99777,0.5717,0.15029,-0.021759,-0.046182,0
-0.057513,-0.069638,-0.029148,0.15626,0.54653,0.9896,0.59332,0.18608,0.01953,-0.016019,-0
-0.045592,-4.6739e-05,0.016731,0.1811,0.55726,0.98112,0.57008,0.15529,-0.031416,-0.011779,0
-0.01549,-0.0042198,0.0070106,0.17974,0.59405,1.0104,0.60772,0.19147,0.010595,-0.028782,-0
-0.017683,0.0079301,0.18038,0.58839,0.9952,0.57579,0.17922,-0.00048292,-0.0080625,-0.0020653,-1
-0.026716,-0.028643,0.01775,0.21259,0.6169,1.0165,0.58487,0.1719,-0.0045029,-0.005194,-0
-0.042859,-0.034047,-0.028162,0.151,0.53665,0.96333,0.57565,0.19344,0.013654,0.0017557,0
0.017437,-0.047328,-0.051117,0.013945,0.21321,0.59427,0.97151,0.58918,0.16123,-0.012508,1
-0.035931,-0.014657,-0.020609,0.18066,0.61138,1.0172,0.60796,0.17724,-0.0029449,-0.0094138,0
-0.035698,-0.0013278,0.02375,0.18481,0.55994,0.95831,0.5834,0.1971,-0.0039602,-0.037027,-0
0.0032171,-0.0072131,0.015458,0.19786,0.59156,0.98272,0.58326,0.21365,0.037682,-0.0013731,-0
-0.038723,-0.01291,0.025878,0.18876,0.59283,0.98016,0.59784,0.20127,0.036808,-0.018855,0
-0.074181,-0.020557,0.00095669,0.18662,0.57482,0.95575,0.55507,0.18348,0.018406,-0.013281,-0
-0.010951,-0.024192,0.02904,0.21266,0.61791,1.0317,0.60792,0.19493,-0.020758,-0.046987,0
-0.057088,-0.044005,-0.0090088,0.19783,0.62857,1.0425,0.62297,0.19742,0.018348,-0.021757,0
-0.084526,-0.066223,-0.0097723,0.1733,0.59106,1.0144,0.59547,0.17576,-0.005404,-0.038986,0
-0.037892,0.015354,0.012044,0.17291,0.58956,0.99539,0.56785,0.14153,-0.012964,-0.034142,-0
0.0053498,-0.051918,0.012153,0.031094,0.1531,0.56445,0.9737,0.58027,0.16901,0.0084512,1
-0.038123,-0.011412,-0.0025904,0.17397,0.57829,1.0063,0.55726,0.13475,-0.024947,-0.045962,0
-0.081162,-0.0069694,0.025167,0.1713,0.59287,1.0208,0.57716,0.15709,0.02436,-0.01549,0
-0.010586,-0.048877,-0.040962,-0.018931,0.18032,0.61016,1.0324,0.5965,0.17616,-0.025602,1
-0.055124,-0.051107,-0.021651,0.18402,0.58674,1.0035,0.61065,0.16805,-0.017463,-0.071446,0
-0.035874,-0.020319,0.027116,0.22259,0.62779,1.0202,0.60758,0.22529,0.031534,-0.038449,-0
-0.030925,-0.032321,-0.0044728,0.16841,0.5784,1.003,0.60188,0.18841,0.034742,-0.0083186,-0
-0.077413,-0.060411,-0.0051296,0.18103,0.60234,0.98943,0.57042,0.16903,-0.013609,-0.030263,-0
0.0327,-0.0081609,-0.0055158,0.17141,0.55879,0.95581,0.54987,0.15507,-0.018725,-0.010248,-0
0.0023405,0.01784,0.061505,0.22096,0.61673,1.0012,0.58634,0.16454,-0.010133,0.0089474,-0
-0.044239,-0.023424,-0.028478,0.14262,0.55763,0.99541,0.57095,0.16964,-0.015278,-0.042218,0
-0.041768,-0.022878,0.031186,0.20039,0.59835,0.99339,0.59562,0.18712,-0.0076273,-0.040067,-0
-0.023324,-0.040757,-0.0308,0.14102,0.59525,1.0124,0.61352,0.17798,-0.0028454,-0.048705,-0
-0.059902,-0.024133,0.015492,0.18218,0.59518,1.0058,0.61552,0.19084,0.0092617,-0.024318,0
-0.037655,-0.006634,0.031257,0.21023,0.60805,1.003,0.60923,0.22655,0.045216,0.025193,0
0.014502,-0.061655,-0.0055327,-0.0048886,0.16604,0.58622,1.0319,0.59964,0.19103,-0.0066298,1
-0.020949,-0.01121,0.0094199,0.1774,0.59754,0.99443,0.58525,0.17899,-0.022699,-0.066766,0
-0.057513,-0.035606,-0.0039153,0.17659,0.57011,0.97299,0.5938,0.16281,-0.001732,-0.019006,-0
-0.055817,-0.041635,0.016629,0.18176,0.59783,1.0117,0.60826,0.19342,0.016663,-0.010374,0
-0.063886,-0.053152,-0.012835,0.18925,0.59528,0.9954,0.57548,0.18105,-0.0083864,-0.029889,0
-0.071809,-0.062042,-0.0012477,0.18664,0.60068,0.99422,0.60016,0.20624,0.014038,-0.01606,0
-0.03338,-0.021522,-0.0060226,0.15231,0.56689,0.99193,0.58265,0.1761,-0.00518,-0.045778,0
-0.01656,-0.032072,-0.013601,0.16677,0.58136,1.0014,0.62035,0.19922,0.01887,-0.023206,-0
-0.056958,-0.035504,-0.031485,0.16575,0.6052,1.0199,0.61112,0.19958,0.017424,-0.030187,0
-0.0125,0.0033569,0.18203,0.60029,1.0147,0.5964,0.17926,-0.0046845,-0.025806,-0.04172,-1
-0.05477,-0.025831,-0.0014345,0.19621,0.59236,1.0014,0.59288,0.18416,-0.015246,-0.050711,-0
0.0097242,-0.020748,0.0014694,0.024172,0.18244,0.59785,1.001,0.56848,0.16061,-0.0052251,1
-0.078677,-0.067871,-0.020501,0.19619,0.60558,1.0418,0.5967,0.16555,-0.021344,-0.064119,0
-0.03561,-0.030445,-0.001513,0.1802,0.59479,0.98207,0.5806,0.17916,-0.016402,-0.023712,-0
0.0089979,-0.017755,-0.051046,0.14658,0.59109,1.0235,0.58888,0.1817,-0.0214,-0.043057,-0
-0.025831,-0.041311,-0.03026,0.15407,0.58706,1.0272,0.62349,0.22006,0.018044,-0.026519,-0
-0.019251,-0.016997,-0.024648,0.14596,0.5616,0.97087,0.55855,0.15693,0.0021542,-0.061971,0
-0.05172,-0.043271,-0.011819,0.17581,0.60708,1.0253,0.59766,0.16887,-0.0088421,-0.061912,-0
-0.06782,-0.02141,0.01275,0.20614,0.61519,1.0174,0.57804,0.18373,0.0078446,-0.030227,0
-0.046578,-0.049837,-0.0061446,0.1697,0.58206,0.99845,0.59374,0.18439,-0.00081111,-0.039156,0
-0.050481,-0.030015,0.0002431,0.1897,0.60259,1.0105,0.58669,0.18559,-0.0049313,-0.0035835,-0
-0.074534,-0.0404,0.014671,0.16614,0.5865,0.9956,0.61747,0.20787,0.014587,-0.0014224,0
-0.053363,-0.0099922,0.042139,0.22398,0.64033,1.0567,0.62678,0.17123,-0.016649,-0.043461,-0
0.012041,0.017977,0.025304,0.19306,0.57195,0.97534,0.55868,0.16748,-0.0051748,-0.022126,-0
-0.067435,-0.049955,0.0037833,0.21842,0.60054,1.0034,0.57532,0.17817,-0.0050031,0.0022624,0
-0.051302,-0.054016,-0.012699,0.1583,0.61262,0.997,0.5883,0.16881,-0.0048832,-0.02596,-0
-0.030327,-0.0031452,-0.013139,0.15344,0.59337,0.98437,0.58829,0.16398,0.016772,-0.018922,-0
-0.055256,-0.044571,-0.016296,0.13984,0.55032,0.98696,0.58933,0.18315,0.011703,-0.0018,-0
-0.042205,-0.011828,0.010858,0.18569,0.60379,0.96475,0.57049,0.13714,-0.030532,-0.060947,0
-0.0053141,0.017313,0.044198,0.1957,0.61086,1.0143,0.58058,0.16807,-0.017159,-0.061469,-0
-0.026036,-0.030152,-0.012333,0.17985,0.62767,1.017,0.60403,0.19542,-0.0077194,-0.039424,-0
0.0027505,-0.044587,-0.017078,-0.0087728,0.15751,0.57724,1.0108,0.5957,0.17086,-0.025085,1
0.0066985,-0.014272,-0.010634,0.18595,0.57846,0.97695,0.57084,0.17762,0.0038921,-0.015653,0
-0.039388,-0.036369,-0.033811,0.12788,0.56057,0.99701,0.60682,0.18592,-0.027944,-0.049382,-0
-0.018679,-0.0046482,0.0056593,0.1521,0.55423,0.97462,0.59381,0.17528,-0.018869,-0.056396,0
-0.040013,-0.028317,-0.010577,0.16155,0.56601,0.9982,0.57432,0.17338,0.0037499,-0.028473,-0
-0.070647,-0.045231,0.014769,0.18171,0.59803,1.0073,0.57573,0.1877,-0.0059573,-0.064144,-0
-0.016224,-0.028382,0.010059,0.20313,0.61083,1.0014,0.57462,0.18672,0.020439,0.0038808,0
-0.021508,-0.0074089,-0.022894,0.16301,0.57462,0.98281,0.58457,0.18322,0.021215,0.0014338,0
-0.021679,-0.022571,0.0084882,0.19125,0.58886,0.98313,0.61555,0.18117,-0.025074,-0.063507,-0
0.0026185,0.025404,0.17485,0.59359,0.981,0.58557,0.15689,-0.04869,-0.038872,-0.021242,-1
-0.020778,-0.0029554,-0.0023169,0.18759,0.59117,1.0209,0.58774,0.18198,-0.0010948,-0.055212,-0
-0.024847,-0.0070346,0.032125,0.2335,0.64509,1.0188,0.55595,0.18787,0.037485,-0.0015121,0
-0.0013999,-0.0551,-0.019186,-0.0030435,0.18271,0.58826,1.0315,0.62617,0.2075,-0.014251,1
-0.0096161,-0.048509,-0.014637,0.0056725,0.18935,0.60767,1.0083,0.58369,0.16714,-0.011149,1
-0.054255,-0.042355,-0.0051757,0.15687,0.5613,0.99853,0.59841,0.19869,0.0050792,-0.028036,-0
-0.032769,-0.011872,0.049702,0.2255,0.61816,1.0321,0.60749,0.19377,-0.0043221,-0.038372,0
-0.062123,-0.056455,-0.032006,0.17907,0.59001,1.0115,0.59457,0.165,-0.01215,-0.066411,0
-0.022292,0.0024082,0.012632,0.16174,0.5479,0.98521,0.59263,0.18081,-0.0066308,-0.012235,0
-0.049177,-0.052601,-0.016539,0.17058,0.58633,0.983,0.57065,0.16292,0.0023856,-0.04789,0
-0.02053,-0.015011,0.034252,0.2072,0.63167,1.0342,0.62694,0.18984,0.012771,0.0071377,0
-0.016439,-0.014356,-0.015977,0.17748,0.59865,1.003,0.60277,0.19585,0.030312,-0.0099476,-0
-0.045053,-0.051135,-0.048444,0.16582,0.58652,0.99886,0.571,0.15638,-0.018111,-0.032116,-0
-0.035283,-0.020213,-0.036205,0.12389,0.5664,1.0096,0.60121,0.20999,-0.0039637,-0.045553,-0
0.018683,-0.04495,-0.040687,-0.032499,0.18828,0.59538,1.0099,0.60112,0.17978,-0.030548,1
-0.050844,-0.021595,0.010748,0.17402,0.57779,0.99195,0.60029,0.18133,0.0026152,-0.025468,-0
-0.029363,0.012566,0.20594,0.59742,1.0404,0.62898,0.18925,0.025903,0.016876,-0.013795,-1
-0.027286,-0.045547,-0.0081623,0.16388,0.58519,1.0089,0.57815,0.17598,-0.016805,-0.047619,0
-0.033501,0.0055974,0.20014,0.60822,1.0163,0.59235,0.16754,0.012675,-0.033895,-0.031023,-1
-0.053292,-0.020782,-0.01047,0.16736,0.60456,1.023,0.59671,0.1753,-0.028422,-0.048127,0
-0.030331,-0.062803,-0.035509,0.16365,0.58909,1.0095,0.58831,0.18578,0.001646,-0.050325,0
-0.033213,-0.028639,-0.006705,0.21225,0.62241,1.0146,0.5925,0.18246,0.0038986,-0.022224,0
-0.045431,-0.021297,0.028127,0.21927,0.59074,1.0016,0.60483,0.18606,-0.018155,-0.024293,0
-0.062475,-0.057221,-0.023534,0.2102,0.59501,1.0007,0.55509,0.15899,0.0067982,-0.0017606,0
-0.049752,-0.031018,0.004291,0.18924,0.56969,0.98598,0.59281,0.19445,0.023718,-0.011086,0
-0.0035187,-0.0010212,0.0068436,0.18368,0.59358,1.0141,0.58031,0.14892,-0.012243,-0.033467,-0
-0.050158,-0.02197,0.0080871,0.20359,0.613,1.0208,0.59695,0.18351,0.015427,-0.0079163,0
-0.039375,-0.024259,0.17736,0.60225,1.0011,0.59155,0.19881,-0.0019501,-0.046209,-0.039694,-1
-0.053249,-0.029084,-0.021868,0.16051,0.59754,1.0254,0.6066,0.20293,-0.021347,-0.044007,0
-0.048556,0.00086728,0.0087457,0.1907,0.59124,0.99764,0.58445,0.18344,-0.036139,-0.064801,0
-0.033296,0.011064,0.024419,0.17916,0.56009,0.98977,0.5918,0.17968,0.0097613,-0.02972,0
-0.05322,-0.024768,0.016352,0.21539,0.6025,1.0163,0.62562,0.23648,0.02407,-0.037587,-0
-0.038144,-0.032399,-0.0035311,0.17114,0.55985,0.97915,0.60818,0.19317,0.0021613,-0.023206,0
-0.028723,-0.017278,0.00248,0.18347,0.56843,0.97174,0.55573,0.14091,-0.012267,-0.029528,-0
-0.036228,-0.0066162,0.015472,0.20253,0.60371,1.0227,0.60793,0.18985,0.012703,-0.025061,-0
-0.074026,-0.068975,-0.044578,0.16454,0.60735,1.0336,0.59793,0.20274,0.012271,-0.021824,-0
0.0041549,-0.038828,-0.0085011,0.0016184,0.17269,0.57749,0.98334,0.58775,0.16367,-0.024455,1
-0.035315,-0.030494,0.017738,0.20473,0.56875,0.9727,0.57146,0.1742,-0.019292,-0.032449,0
-0.023834,0.00042982,0.0016234,0.17523,0.58309,1.0006,0.5923,0.17475,-0.0072787,0.0008744,-0
-0.056832,-0.032802,0.0039593,0.16187,0.55567,0.97836,0.58263,0.19087,0.028066,0.0078135,0
-0.077369,-0.081108,-0.037486,0.16477,0.59019,1.0328,0.59797,0.19124,-0.0072008,-0.048003,0
-0.00018017,-0.052206,-0.028676,-0.0071902,0.18816,0.60365,1.0332,0.61476,0.19779,0.032305,1
-0.038433,-0.0091586,0.024286,0.19901,0.59498,1.0051,0.60702,0.17732,-0.024268,-0.042083,-0
-0.068788,-0.030826,0.005511,0.17799,0.59437,0.99806,0.57404,0.15614,0.0056968,-0.0095943,0
-0.03543,-0.021384,-0.02446,0.16282,0.58922,0.97973,0.58453,0.18539,0.021889,-0.033326,0
-0.062284,-0.048351,-0.023251,0.13467,0.56884,0.98749,0.55546,0.1664,0.0033845,-0.037487,0
-0.041396,-0.035237,0.027381,0.21578,0.6192,1.0146,0.63504,0.209,0.00072165,-0.020448,-0
-0.048612,-0.035336,-0.014292,0.18993,0.59341,0.96587,0.54355,0.16171,0.021708,-0.02503,-0
-0.024044,-0.01926,-0.046361,0.16685,0.56602,0.97417,0.55563,0.17516,-0.012183,-0.036026,-0
-0.011118,-0.024094,-0.00086134,0.1861,0.59705,1.0008,0.57457,0.14213,-0.0066153,0.0035348,0
0.026415,-0.042347,-0.052599,-0.0211,0.1579,0.56839,1.0015,0.62134,0.2008,0.0030153,1
0.009214,-0.041763,-0.0025503,0.002365,0.19158,0.60764,1.0149,0.58233,0.17262,0.015232,1
-0.059867,-0.042905,-0.042881,0.14523,0.57312,1.0084,0.59036,0.17127,-0.0059142,-0.0082052,0
-0.054142,-0.039633,-0.016785,0.15655,0.56354,0.9912,0.58954,0.16571,-0.018848,-0.044158,0
-0.05722,-0.028273,-0.0076527,0.15804,0.57333,0.99086,0.58997,0.18466,-0.015661,-0.025246,-0
-0.013961,-0.031908,-0.021406,0.15147,0.56159,0.9945,0.5981,0.18282,0.019877,-0.020992,0
-0.034735,-0.025105,-0.018019,0.17275,0.62475,1.0251,0.59969,0.17444,-0.012619,-0.051877,-0
-0.0037175,-0.020837,-0.043022,0.17292,0.63,1.0227,0.58227,0.15157,-0.019266,-0.07449,0
-0.026533,-0.014505,0.0036306,0.20881,0.59915,0.97663,0.58955,0.17706,-0.023357,-0.048606,0
-0.053045,-0.021035,0.021917,0.22263,0.6247,1.037,0.60231,0.18867,-0.02314,-0.040257,0
-0.014469,-0.008146,0.0099948,0.18535,0.57499,0.99785,0.62054,0.22335,0.017781,-0.022675,0
-0.010839,-0.030581,-0.056369,0.14987,0.58996,0.99286,0.60878,0.22059,0.026062,-0.01434,-0
-0.073034,-0.048617,-0.013126,0.17617,0.60669,1.0153,0.57291,0.1578,-0.014477,-0.015689,-0
-0.072066,-0.042202,-0.012658,0.17683,0.59777,1.009,0.59071,0.17724,-0.018059,-0.026703,-0
-0.048706,-0.060637,-0.029356,0.17352,0.5929,1.0064,0.5941,0.18684,-0.004297,-0.036367,0
-0.058116,-0.050242,0.00056604,0.20537,0.57975,0.9941,0.59232,0.18092,0.017797,0.010543,-0
-0.071427,-0.047024,-0.040673,0.18402,0.61998,1.0122,0.57569,0.17757,0.0032382,-0.037541,0
-0.064202,-0.054176,-0.02126,0.16488,0.56351,0.99196,0.58531,0.19877,0.0066819,0.0014578,-0
-0.047756,-0.022219,0.00057852,0.17065,0.60239,1.0009,0.59528,0.18045,0.0068255,-0.015317,0
-0.012753,-0.04799,-0.035774,-0.021996,0.16701,0.58587,0.98671,0.56569,0.18172,0.009296,1
-0.055476,-0.045114,-0.033985,0.15317,0.57861,0.98714,0.57745,0.17856,0.028643,0.013706,-0
-0.035677,-0.036505,-0.012098,0.16269,0.58993,1.0045,0.5785,0.17293,-0.0064259,-0.040635,-0
-0.038375,-0.026571,-0.015102,0.16783,0.57402,0.97252,0.5809,0.16739,0.0016954,-0.053195,0
-0.039985,-0.012998,-0.0097123,0.17332,0.59103,0.99887,0.58127,0.17449,-0.023338,-0.044921,-0
-0.034883,-0.022439,-0.023879,0.15107,0.5847,1.0321,0.58009,0.20444,0.030291,0.016344,-0
-0.012466,-0.0071637,-0.0032802,0.19732,0.61953,1.0324,0.59711,0.16112,-0.026027,-0.033735,0
-0.037047,-0.0035932,0.022004,0.19164,0.58375,0.9948,0.60144,0.16036,-0.00012903,-0.017439,0
0.0056004,0.022898,0.010844,0.1447,0.57576,1.0132,0.62444,0.19128,-0.018378,-0.049533,0
-0.04123,-0.044261,-0.021031,0.19158,0.59918,1.0224,0.61142,0.17347,-0.017808,-0.029046,-0
-0.027898,-0.045713,-0.040876,0.16502,0.61377,1.0224,0.61081,0.19655,-0.00077073,-0.011738,0
-0.035991,-0.012247,0.0066724,0.18092,0.60101,1.0343,0.59958,0.19158,0.002202,-0.038244,-0
-0.02988,-0.02368,0.0048792,0.20416,0.58658,1.009,0.59562,0.20398,-0.010235,-0.033272,0
-0.048723,-0.029646,-0.0055646,0.17142,0.60648,0.99452,0.59953,0.20496,0.015457,-0.023159,-0
-0.081576,-0.084111,-0.025579,0.23338,0.63131,1.0061,0.58716,0.18263,-0.0070037,-0.023231,0
-0.026148,-0.026124,0.013609,0.19175,0.59313,0.99426,0.61422,0.20268,0.0073149,-0.03924,-0
-0.040486,0.0076519,0.018863,0.21165,0.60418,1.0082,0.59332,0.15587,0.0028332,-0.018041,0
-0.049838,0.0064166,0.004604,0.16704,0.59947,1.0054,0.57386,0.14792,-0.022674,-0.0078754,-0
-0.028851,-0.026861,0.1803,0.60897,1.011,0.60213,0.18227,-0.026815,-0.03252,-0.036867,-1
-0.062859,-0.058364,-0.0025712,0.16984,0.57833,0.99177,0.56916,0.17501,0.01684,-0.011904,0
-0.045721,-0.023371,-0.0069959,0.17325,0.59496,1.0242,0.62648,0.17736,-0.0017977,-0.013485,0
-0.05166,-0.04223,-0.010647,0.18457,0.58645,0.9957,0.60537,0.18981,-0.0051699,-0.026882,0
-0.008956,0.002687,0.0031583,0.14761,0.54996,0.97929,0.59744,0.18924,0.012842,-0.028512,0
-0.055537,-0.031841,-0.0086978,0.15316,0.57337,0.99559,0.60639,0.19068,-0.00019643,-0.037196,0
0.0039252,-0.062189,-0.015212,0.0084856,0.1675,0.5721,0.99025,0.59206,0.17176,-0.021092,1
-0.044848,-0.048516,-0.055258,-0.025596,0.16549,0.59202,0.99012,0.60989,0.20529,0.023454,1
-0.066097,-0.051124,-0.0063638,0.18542,0.61816,1.0386,0.6295,0.17769,-0.018095,-0.026524,0
-0.025944,0.011321,0.0075409,0.15579,0.58976,1.0133,0.59495,0.19167,0.012511,-0.011004,-0
-0.039739,-0.038235,0.011075,0.21859,0.62355,0.99761,0.56773,0.15935,0.0015498,-0.036711,-0
0.014753,0.055407,0.04579,0.20285,0.57574,1.0054,0.58316,0.17245,0.001166,-0.032517,0
-0.051585,-0.033923,-0.01572,0.15157,0.58395,0.98969,0.61437,0.17195,-0.010637,-0.031728,-0
0.031607,-0.0098165,0.0063008,0.027042,0.22958,0.59311,0.9829,0.61202,0.20087,-0.020312,1
-0.020323,-0.00029482,-0.0026473,0.16808,0.5652,1.0049,0.60816,0.18272,0.0081524,-0.013437,-0
-0.052901,-0.044351,-0.02819,0.16961,0.59421,1.007,0.59912,0.16707,0.009265,-0.0066808,0
0.0035997,-0.074931,-0.046402,0.0029202,0.19255,0.60491,1.0119,0.57232,0.15597,0.0068755,1
-0.070948,-0.028259,0.016384,0.19445,0.59622,0.97707,0.56002,0.17015,0.018168,-0.013405,0
-0.0062453,-0.016793,0.024281,0.17029,0.59194,0.97543,0.57986,0.20115,-0.0091973,-0.038847,-0
-0.033938,-0.036774,0.0011978,0.16767,0.56704,1.0197,0.60683,0.18935,0.015049,0.023876,-0
-0.02143,-0.024538,0.00087817,0.19473,0.57976,0.99381,0.61315,0.1953,-0.0095791,-0.03025,-0
-0.077276,-0.03988,-0.025405,0.17036,0.58889,1.0067,0.60076,0.19899,-0.0034492,-0.03444,-0
-0.04933,-0.027785,-0.005566,0.18891,0.60575,1.0154,0.56951,0.17637,0.0013687,-0.030622,0
-0.088267,-0.046409,0.029989,0.19599,0.59399,1.0004,0.58065,0.15814,0.009433,-0.001499,0
-0.052578,-0.0071757,0.014878,0.17098,0.56825,0.99706,0.58036,0.17241,0.0209,-0.024528,-0
-0.021048,-0.04044,0.013941,0.20286,0.59466,1.0022,0.59834,0.19666,0.013929,-0.03518,0
-0.026425,0.009888,0.051475,0.19154,0.59808,1.0086,0.59089,0.16031,-0.03447,-0.070046,-0
-0.026153,-0.036025,-0.022064,0.15582,0.59445,1.023,0.57728,0.14206,-0.038895,-0.026412,-0
-0.042421,-0.0014393,0.20191,0.59246,1.0061,0.60464,0.18065,-0.0018824,-0.027836,-0.027964,-1
-0.083855,-0.026817,0.024101,0.17973,0.56472,0.98065,0.59256,0.18343,-0.00099361,-0.021734,0
-0.03823,-0.024779,0.0022982,0.1801,0.55321,0.94112,0.54387,0.13944,-0.027062,-0.035716,-0
-0.034478,-0.03582,-0.007224,0.18036,0.56041,0.97813,0.58435,0.18461,0.0086068,0.0032386,-0
-0.041799,-0.005964,0.18038,0.58451,1.0086,0.60307,0.16144,-0.0032426,-0.023612,-0.044865,-1
-0.0029265,0.037719,0.047164,0.18686,0.60331,1.0029,0.57238,0.15333,-0.02083,-0.034228,0
-0.035782,-0.031513,-0.011068,0.16871,0.58758,1.0005,0.59421,0.18216,0.010569,-0.038433,-0
-0.060878,-0.048189,-0.0094759,0.18541,0.59953,1.0028,0.57885,0.19222,0.013802,-0.0094936,-0
-0.034022,-0.0029775,-0.019175,0.16686,0.6011,1.0229,0.6096,0.19278,0.0044708,-0.043623,-0
-0.042464,-0.021597,-0.0040881,0.19513,0.60073,1.0192,0.58855,0.18681,0.00173,-0.035861,-0
0.03796,-0.027504,-0.016619,0.0062555,0.22234,0.62689,1.0145,0.59376,0.1706,-0.0073862,1
-0.03493,-0.0099072,0.01711,0.20449,0.602,1.0012,0.5755,0.21387,0.025322,-0.043835,-0
-0.072867,-0.045187,-0.020901,0.15011,0.59695,1.0243,0.63179,0.20433,-0.0021806,-0.034795,0
-0.04319,-0.046824,-0.024331,0.17079,0.57425,0.97226,0.57103,0.1481,-0.0024413,-0.013569,0
-0.041424,-0.058579,0.012177,0.19552,0.61084,1.0245,0.6102,0.19562,0.027703,0.0039181,-0
-0.022149,-0.024012,-0.039647,0.14445,0.5742,0.99997,0.58253,0.16121,-0.0033401,-0.034938,0
-0.053569,-0.030142,-0.017651,0.16473,0.57555,0.97055,0.57932,0.19227,-0.0076746,-0.052898,-0
-0.051228,-0.017685,0.17414,0.59144,1.0006,0.61463,0.19799,-0.00047027,-0.048782,-0.0421,-1
-0.050162,-0.037587,0.00121,0.18169,0.58651,1.0016,0.60321,0.18378,-0.0057146,-0.01614,0
-0.0089399,-0.031334,-0.0077928,0.17675,0.6009,1.0085,0.61863,0.20385,0.027065,-0.026833,0
-0.034067,0.007551,0.1928,0.61482,1.0091,0.57199,0.17258,0.0060924,-0.025645,-0.045081,-1
-0.03091,-0.019248,-0.023595,0.14159,0.55784,0.98818,0.61117,0.19722,-0.0085589,-0.02465,-0
-0.029823,-0.011474,-4.675e-05,0.15723,0.56965,0.97584,0.60375,0.18123,-0.0063169,-0.031372,0
0.026982,-0.0014963,-0.020115,0.16092,0.58679,0.98845,0.58322,0.17498,-0.0078249,-0.028544,-0
-0.032564,-0.0075959,0.030777,0.18355,0.57619,0.98584,0.56951,0.19432,0.018704,-0.01735,0
-0.10181,-0.057958,-0.023278,0.15863,0.60647,1.0192,0.60394,0.20567,0.019831,-0.020416,-0
-0.037446,-0.027317,-0.0080626,0.19536,0.59949,1.0448,0.62066,0.17417,-0.0077675,-0.005536,-0
-0.058014,-0.062277,-0.021124,0.16497,0.59337,0.98672,0.59317,0.17656,-0.018216,-0.045749,0
-0.05063,-0.042216,0.025339,0.19192,0.5697,0.98684,0.6035,0.19052,-0.011722,-0.024629,0
-0.021316,-0.043599,-0.0025212,0.17991,0.57222,0.98487,0.56488,0.15307,-0.03274,-0.047171,0
-0.023392,-0.010427,-0.017931,0.17293,0.56923,0.98665,0.59584,0.19123,0.014913,-0.04676,-0
-0.02997,-0.015734,0.011412,0.18262,0.57276,0.99492,0.57614,0.19651,0.040582,-0.014142,0
-0.0029965,0.0015558,0.15193,0.58491,1.0069,0.60134,0.17503,-0.013117,-0.035582,-0.070444,-1
0.013743,-0.052762,-0.048617,-0.0045391,0.18751,0.59006,0.98456,0.57746,0.14024,-0.045081,1
-0.022891,-0.021844,-0.0072186,0.16833,0.59492,1.0093,0.58929,0.18107,0.022896,0.0043234,-0
-0.079693,-0.049666,-0.010483,0.20474,0.63039,1.0188,0.60381,0.1769,0.0023713,-0.02119,0
-0.0284,-0.0080098,0.013041,0.2087,0.58908,0.98365,0.56926,0.1767,0.034079,-0.024955,-0
-0.046003,-0.037043,0.007166,0.1947,0.57915,0.98974,0.60024,0.17289,-0.0067604,-0.053772,-0
-0.03412,0.017503,0.19548,0.59844,1.022,0.59169,0.17552,0.011702,0.0046992,-0.030275,-1
-0.042806,-0.027201,0.0033656,0.17758,0.60797,1.0316,0.63473,0.17589,-0.029694,-0.052388,-0
-0.050071,-0.056601,-0.053532,0.11378,0.56576,0.9943,0.58085,0.14015,-0.026432,-0.036997,-0
-0.027023,-0.008639,-0.0059565,0.1745,0.58198,1.0022,0.58816,0.19603,0.035875,-0.03003,-0
-0.050634,-0.021903,0.013888,0.17775,0.5823,0.97706,0.552,0.12876,-0.045714,-0.028379,0
-0.02367,-0.010196,0.018488,0.18299,0.61081,1.0086,0.61004,0.18092,-0.0086459,-0.034226,0
0.011291,-0.069441,-0.03712,-0.019502,0.17723,0.59102,0.97542,0.55266,0.16227,-0.015795,1
-0.034837,0.010061,0.20227,0.59195,0.99366,0.60003,0.20814,0.0060697,-0.038587,-0.037974,-1
0.0050439,0.041117,0.19297,0.57755,0.99871,0.59819,0.1999,0.020049,-0.011127,-0.018842,-1
-0.051579,-0.036001,-0.015048,0.16473,0.56276,0.96319,0.5794,0.20272,0.01248,-0.02607,-0
-0.029023,-0.013853,0.013193,0.19487,0.61065,1.0256,0.60585,0.1792,-0.00016326,-0.02268,-0
-0.078592,-0.069638,-0.024065,0.17745,0.60446,1.0046,0.58917,0.17206,0.038875,-0.008601,0
-0.079686,-0.052961,-0.016319,0.20772,0.60622,1.0247,0.61786,0.21493,0.03508,-0.022786,-0
-0.015265,0.0030977,0.17538,0.57341,1.0041,0.59032,0.16791,0.01398,-0.027283,-0.034237,-1
-0.030762,-0.033327,0.014575,0.19624,0.57961,1.0104,0.60016,0.20164,0.011887,-0.017903,0
-0.033117,-0.0053905,0.17529,0.59023,1.0154,0.62269,0.1898,-0.027206,-0.051816,-0.0555,-1
-0.011495,-0.0083059,0.01226,0.20571,0.60599,0.99201,0.60884,0.17606,0.011551,-0.011969,-0
-0.046118,0.0016995,0.18484,0.58493,1.0018,0.61454,0.18647,-0.027915,-0.048791,-0.060788,-1
-0.055427,-0.02446,0.0086425,0.18994,0.58328,0.98641,0.56867,0.15283,-0.013331,-0.054969,0
-0.036378,0.0099609,0.19132,0.58534,1.0393,0.64249,0.21536,0.036736,0.00013393,-0.0061073,-1
-0.015017,0.0070735,0.20737,0.60387,0.98045,0.58494,0.17723,-0.0076727,-0.065143,-0.059722,-1
-0.054344,-0.04475,0.00061963,0.18113,0.59851,0.98609,0.57311,0.16775,0.024025,-0.00092848,-0
-0.01107,-0.035114,-0.028828,0.13906,0.5805,0.99852,0.58191,0.17417,0.010907,-0.019456,0
-0.044235,0.015534,0.20703,0.59337,0.98779,0.58305,0.20262,-0.0064697,-0.0048215,-0.033382,-1
-0.053738,-0.035544,0.0011852,0.18001,0.62041,1.0099,0.57976,0.15588,-0.010837,0.0079307,-0
-0.012956,-0.029943,0.0087488,0.2059,0.60432,1.0368,0.63355,0.2131,0.0032835,-0.023348,0
-0.010095,0.016087,0.065348,0.22745,0.58444,0.99004,0.58088,0.17694,-0.027308,-0.0572,0
-0.03235,-0.053308,0.0073897,0.16145,0.5836,0.95235,0.596,0.20409,0.0091942,-0.036648,-0
0.0055907,-0.037985,-0.02615,0.031273,0.21164,0.6037,1.0018,0.59214,0.16811,0.0084044,1
-0.03989,0.027595,0.20361,0.59518,1.019,0.58064,0.17649,0.023905,-0.0035208,-0.043103,-1
-0.040455,-0.043954,-0.0094879,0.1663,0.5791,0.98621,0.60466,0.19353,0.034839,-0.015143,-0
-0.056037,-0.054625,-5.3873e-05,0.18332,0.56622,0.99149,0.59883,0.177,-0.009265,-0.017932,-0
-0.063466,-0.0308,0.012655,0.19957,0.60583,1.0454,0.62401,0.18468,-0.0083717,-0.02136,-0
-0.018926,0.0050352,0.017305,0.19574,0.59063,0.98569,0.58042,0.17513,0.0074377,-0.033907,0
-0.027025,-0.032433,-0.010067,0.1675,0.57948,1.0001,0.58089,0.17317,-0.0082878,-0.04693,-0
-0.070777,-0.032344,-0.0040545,0.18878,0.59286,0.99727,0.54923,0.1393,-0.029643,-0.055355,0
-0.057197,-0.058534,-0.015313,0.16221,0.5841,0.99122,0.58779,0.1571,-0.010874,-0.021319,-0
-0.0185,-0.011209,0.0015705,0.18122,0.59811,1.0093,0.59239,0.17281,-0.0034819,-0.026544,-0
-0.03237,-0.020209,-0.012097,0.15609,0.59492,1.0217,0.59692,0.21203,0.036099,-0.0095432,0
-0.033728,-0.024944,0.02142,0.20128,0.58273,0.99721,0.6258,0.18624,0.019095,-0.0060875,-0
-0.044775,-0.0062788,0.012508,0.19674,0.59804,0.97385,0.56643,0.19028,0.0012699,-0.02187,-0
-0.023847,0.00019646,0.0036825,0.15467,0.57352,0.97286,0.57587,0.18446,-0.0086904,-0.058016,0
-0.047808,-0.032079,-0.017159,0.16083,0.56317,1.0004,0.59836,0.19437,0.021248,-0.0073909,0
-0.009394,-0.017178,0.0055117,0.19472,0.6074,1.0132,0.61317,0.1371,-0.021594,-0.0077588,0
0.031736,-0.048808,-0.033049,-0.027455,0.16475,0.56887,1.0207,0.59495,0.1792,-0.021892,1
-0.014603,-0.0074216,0.019863,0.17571,0.60002,1.0172,0.57634,0.16073,-0.015428,-0.034896,0
-0.025733,-0.028501,0.018097,0.15977,0.57411,1.0083,0.60588,0.20071,0.018608,0.010265,-0
-0.025362,-0.023546,0.0021913,0.18382,0.58533,0.97958,0.61038,0.1824,-0.017739,-0.0086311,0
-0.029298,0.0057493,0.0086612,0.19953,0.61975,0.99759,0.565,0.16014,-0.019535,-0.052046,0
-0.077215,-0.044251,0.0014116,0.2054,0.6222,1.0208,0.59235,0.19164,0.021477,-0.013321,-0
-0.047607,-0.026526,0.015115,0.16414,0.58657,1.0042,0.58462,0.16588,-0.014014,-0.042898,-0
0.051205,-0.0050381,-0.015028,0.00059051,0.19139,0.58854,0.98818,0.59814,0.1718,-0.027065,1
0.0049355,-0.026095,-0.019738,-0.0093072,0.15162,0.55975,1.0001,0.604,0.18393,0.00056991,1
-0.047346,-0.02203,0.17023,0.59562,1.0126,0.61178,0.18815,-0.002567,-0.035843,-0.041905,-1
-0.07791,-0.048032,0.017176,0.18443,0.59924,1.0188,0.56449,0.16073,-0.02299,-0.054664,-0
-0.0085006,-0.031692,-0.017569,0.15377,0.55965,0.98848,0.57973,0.16335,-0.0059023,-0.012967,-0
-0.029753,-0.035268,-0.013486,0.23594,0.64386,1.0243,0.58605,0.16126,-0.017543,-0.02244,-0
-0.026799,-0.027212,0.0043498,0.16248,0.58255,1.0195,0.58953,0.16718,0.0035739,-0.016631,-0
-0.032014,-0.011166,-0.019721,0.1575,0.59758,1.0091,0.58645,0.19145,0.019362,0.0079783,0
-0.030782,-0.023032,0.0067867,0.2119,0.60034,1.0144,0.62095,0.18199,-0.011769,-0.027963,-0
0.012789,0.020535,0.21822,0.58676,0.98964,0.57845,0.14083,-0.019509,-0.013117,-0.015133,-1
-0.051604,-0.042887,-0.020732,0.19508,0.59843,1.02,0.60115,0.18701,-0.0042559,-0.022192,-0
-0.067607,-0.060254,-0.018398,0.18093,0.58179,1.0049,0.58647,0.18153,-0.015921,-0.03464,-0
-0.025205,-0.017338,-0.01264,0.17521,0.57364,0.97773,0.57856,0.16943,0.0030212,-0.016529,-0
-0.042955,-0.038326,-0.0088807,0.16459,0.55583,0.95672,0.56898,0.19607,0.0050406,-0.012456,0
0.020324,-0.044879,-0.028495,0.0080419,0.15131,0.54764,0.97423,0.58385,0.13366,-0.03515,1
0.027811,-0.028008,-0.013847,-0.01306,0.16778,0.57089,0.97942,0.59903,0.19413,0.0046422,1
-0.041499,-0.053073,-0.012087,0.18108,0.59162,0.99478,0.58949,0.16658,-0.0084002,-0.030175,-0
-0.061417,-0.014154,0.17444,0.61217,1.0131,0.61806,0.18863,0.017469,-0.01462,-0.016094,-1
0.0071772,-0.059012,-0.035217,-0.0096108,0.18787,0.63479,1.0229,0.59627,0.17629,0.0080838,1
-0.063477,-0.047639,-0.0023311,0.17869,0.60999,1.016,0.57392,0.13812,-0.043136,-0.010783,0
-0.036165,-0.0011691,0.013286,0.15883,0.56314,0.96771,0.57241,0.19279,0.020619,-0.019401,-0
-0.067149,-0.047829,-0.016523,0.17048,0.60406,1.0102,0.61005,0.19997,0.018499,-0.013042,-0
-0.042982,0.012607,0.018967,0.19068,0.59029,0.99295,0.5793,0.16959,-0.0055295,-0.024692,-0
-0.031935,-0.0066226,0.015426,0.18153,0.59031,0.98318,0.58689,0.1837,0.010651,-0.0062792,-0
-0.016367,0.023339,0.18977,0.61334,1.0222,0.61576,0.17612,-0.019145,-0.025555,-0.028013,-1
-0.044331,-0.055656,-0.022947,0.17557,0.6154,1.0139,0.59062,0.15958,0.0034909,-0.022144,-0
-0.071713,-0.0375,-0.026097,0.15728,0.58454,1.0096,0.56696,0.16215,-0.018263,-0.02043,-0
-0.065595,-0.06988,-0.024672,0.1983,0.61463,1.0305,0.60021,0.18645,0.0041103,-0.0037413,0
-0.022962,-0.045383,-0.038647,0.16323,0.59589,1.0282,0.62085,0.1685,-0.033164,-0.031291,0
-0.027204,0.001524,0.0055054,0.18286,0.60957,1.0034,0.57995,0.18792,0.0059279,-0.028476,0
0.001577,-0.04378,-0.041685,-0.012743,0.17524,0.58397,1.0003,0.57034,0.14768,-0.024044,1
-0.0634,-0.036737,-0.027249,0.16185,0.57724,1.0133,0.63731,0.22013,0.015202,-0.010579,-0
-0.020169,-0.022851,-0.0029248,0.15064,0.57304,1.0058,0.60786,0.17495,0.012492,0.0036908,-0
-0.042375,-0.0090508,-0.0048508,0.16389,0.56295,0.95336,0.5605,0.18197,0.014945,-0.017744,-0
-0.02219,-0.014082,0.16739,0.57752,1.0068,0.59524,0.19064,0.020285,-0.0021251,-0.012625,-1
-0.03328,-0.047035,0.0038568,0.18469,0.6136,1.0069,0.59125,0.16972,-0.010734,0.0009826,-0
-0.053364,-0.044209,0.001553,0.1669,0.58812,1.0219,0.58835,0.16123,-0.024632,-0.030572,0
-0.028775,-0.045051,-0.0203,0.18568,0.6082,0.99962,0.58911,0.1846,0.0021181,-0.027056,0
-0.026675,-0.024461,-0.017676,0.18757,0.55686,0.95482,0.59087,0.20627,-0.0024167,-0.016497,0
-0.028929,-0.03587,-0.019987,0.1765,0.61085,1.0118,0.57981,0.17348,0.0090372,-0.042992,-0
-0.037102,-0.043263,-0.0023085,0.19389,0.6159,1.0024,0.59116,0.17237,-0.041158,-0.043517,-0
-0.083248,-0.06658,-0.028579,0.18843,0.60911,1.0307,0.6195,0.19455,-0.02165,-0.043882,-0
-0.030495,0.024976,0.22586,0.63561,1.0115,0.60634,0.18165,-0.022896,-0.013765,-0.028347,-1
-0.081843,-0.036144,0.0005667,0.19623,0.5866,0.99935,0.57937,0.1774,0.00016148,-0.024069,0
-0.038197,-0.034325,0.012504,0.22194,0.62144,0.99722,0.61486,0.18631,-0.00061487,-0.036039,-0
-0.0053179,-0.013132,-0.0048722,0.18021,0.58215,0.95271,0.57687,0.18205,-0.012395,-0.05589,0
-0.031255,-0.016818,-0.0053971,0.18754,0.60742,1.0093,0.58618,0.18747,0.011526,-0.0083536,-0
0.0055805,-0.013492,-0.0049003,0.17771,0.57956,0.99692,0.61457,0.20881,-0.011862,-0.019487,0
0.0062751,-0.010201,0.015973,0.18533,0.55015,0.94694,0.53154,0.16923,0.037728,0.0001042,-0
-0.058121,-0.020174,-0.0083203,0.17359,0.58576,0.98695,0.59428,0.18451,0.0074362,-0.047627,0
-0.049684,-0.029717,0.0029738,0.20303,0.60948,1.0141,0.58991,0.17963,-0.0020444,-0.026854,0
0.033554,-0.024867,-0.023977,0.0019042,0.20024,0.58795,0.99279,0.60714,0.20555,0.020925,1
-0.017669,0.015791,0.18375,0.59665,1.0152,0.58506,0.16033,-0.01677,-0.048042,-0.049762,-1
-0.040466,-0.032906,-0.011385,0.16658,0.59431,1.0118,0.62208,0.18392,0.022432,-0.033428,-0
-0.068388,-0.070357,-0.026432,0.18367,0.56529,0.95822,0.59269,0.23447,0.039557,-0.0048524,-0
-0.033681,-0.028031,-0.021682,0.16697,0.57537,0.99149,0.55969,0.18059,0.0079064,-0.018914,0
-0.043033,-0.0089057,0.018771,0.16263,0.58587,1.0167,0.58755,0.16185,-0.00041332,-0.029699,-0
-0.0037997,-0.0050014,-0.0033641,0.16311,0.5969,1.0172,0.59437,0.1662,-1.9793e-05,-0.011184,0
-0.090331,-0.037528,-0.0027485,0.15686,0.55698,1.0012,0.60563,0.20037,0.029298,-0.023593,-0
-0.039686,-0.028661,0.018888,0.22158,0.60396,0.98852,0.58202,0.2189,0.022777,-0.01948,0
0.059527,0.0023559,0.020369,0.045576,0.21438,0.60564,1.0291,0.60694,0.20645,0.043254,1
-0.003195,-0.02286,8.0287e-05,0.15303,0.55006,0.97795,0.58551,0.18979,0.01894,-0.0048764,-0
-0.039405,-0.032968,0.029613,0.19818,0.60956,1.019,0.62342,0.19324,-0.0039497,-0.032941,-0
-0.014737,-0.0033583,0.18616,0.60753,1.0105,0.59278,0.18617,-0.018842,-0.031734,-0.031473,-1
-0.044575,-0.019635,0.039912,0.18888,0.55642,0.98415,0.60504,0.188,-0.017461,-0.014926,-0
-0.046231,-0.032533,-0.025625,0.17022,0.56751,0.96084,0.56532,0.15655,-0.013385,-0.023328,-0
0.0041168,0.017627,0.028307,0.19843,0.59027,1.033,0.6518,0.23112,0.047349,0.0019582,0
-0.050788,-0.042746,0.018472,0.18066,0.56124,0.9884,0.62025,0.20959,0.032147,0.0020008,-0
-0.029336,-0.010223,0.034438,0.23524,0.61396,1.0075,0.58332,0.14983,0.0079368,-0.0055265,-0
-0.04328,0.0056626,0.035919,0.19406,0.61048,1.0221,0.59813,0.17929,-0.017031,-0.05779,0
-0.016063,-0.022312,0.0056928,0.18657,0.61033,1.0081,0.60727,0.20593,0.027514,-0.021925,0
-0.075329,-0.052076,0.0068439,0.20158,0.5841,1.0169,0.58995,0.16065,-0.0070266,-0.027576,0
0.0021602,0.0017926,0.027246,0.21254,0.62879,1.0266,0.61522,0.18502,-0.009563,-0.0087981,0
-0.056799,-0.023941,0.021933,0.20318,0.59217,0.96689,0.57949,0.18784,0.02952,0.016213,0
-0.035102,-0.026719,-0.015127,0.20991,0.62455,1.0033,0.60511,0.21003,0.0094468,-0.0126,0
-0.081875,-0.046116,-0.016968,0.15676,0.59735,1.0293,0.58764,0.16391,-0.001494,-0.021275,-0
-0.048942,0.0060652,0.026963,0.18481,0.58808,1.0012,0.60778,0.18218,-0.0063364,-0.060917,0
-0.061956,-0.059352,-0.0074106,0.20604,0.60982,1.0402,0.61427,0.18887,0.0046084,-0.022534,0
-0.019675,-0.019001,0.1617,0.56924,0.99396,0.63068,0.2101,0.0098912,-0.0070963,-0.051201,-1
-0.042771,-0.036737,-0.026661,0.16389,0.5923,0.99893,0.58646,0.19268,-0.0087444,-0.034019,0
-0.07622,-0.03541,0.012593,0.20244,0.60013,0.99383,0.58372,0.17315,-0.039477,-0.080675,0
-0.072094,-0.030575,0.030345,0.20796,0.5899,1.0114,0.61179,0.18461,-0.025999,-0.069731,0
-0.07072,-0.064824,0.11453,0.5764,0.99224,0.57346,0.16955,0.00083545,-0.030342,-0.010929,-1
-0.064928,-0.041435,-0.020153,0.16484,0.57606,0.9879,0.58267,0.19624,0.0037337,-0.043667,-0
-0.0031768,-0.019378,-0.0016218,0.21094,0.60001,0.99168,0.58308,0.16038,-0.041912,-0.057456,-0
-0.04584,-0.012719,0.17741,0.59891,0.99276,0.53697,0.14745,-0.017807,-0.033134,-0.040607,-1
0.011687,-0.066328,-0.037457,0.014812,0.18248,0.58671,1.0048,0.59338,0.17051,-0.037347,1
0.0048501,-0.032402,-0.023879,0.014037,0.18337,0.5847,0.98068,0.55618,0.175,0.015858,1
-0.028496,-0.021694,0.0027826,0.17456,0.59963,0.99957,0.54602,0.13643,-0.017824,-0.048017,0
-0.022228,0.0047117,0.034177,0.20789,0.61608,1.0113,0.57767,0.16079,0.015133,-0.0035126,0
-0.055199,-0.054695,-0.0041455,0.17977,0.56393,0.99174,0.57165,0.1615,-0.022916,-0.067832,0
-0.033127,-0.011297,-0.010518,0.1589,0.55679,0.99793,0.58938,0.18718,-0.028212,-0.069314,0
-0.030861,-0.027932,-0.01276,0.16277,0.56517,0.98718,0.585,0.21513,0.029974,-0.020636,0
-0.053655,-0.03005,-0.0081248,0.18506,0.6007,1.0308,0.6074,0.15736,-0.016684,-0.037413,0
-0.045698,-0.023041,-0.001415,0.14434,0.5438,0.97687,0.5939,0.17759,0.012112,-0.011707,0
-0.074158,-0.042393,0.012956,0.18965,0.59563,0.97326,0.57737,0.20122,0.013096,-0.033134,0
-0.036284,-0.014199,0.014811,0.18355,0.60288,1.0086,0.58157,0.18359,-0.0067307,0.0070675,-0
-0.042778,-0.049038,-0.0062475,0.21803,0.62083,0.98648,0.578,0.18198,0.0040573,-0.014302,-0
-0.031809,-0.01027,0.0032458,0.16047,0.59523,1.0152,0.59282,0.17338,-0.00033898,-0.019319,0
0.047734,-0.039849,-0.026944,-0.005445,0.21135,0.61336,1.0259,0.61191,0.16938,-0.016962,1
-0.066891,-0.043848,-0.0059394,0.15364,0.57885,0.98526,0.57433,0.14784,-0.023752,-0.039252,0
-0.037283,-0.038393,-0.0032212,0.18721,0.59237,1.0087,0.59594,0.17122,-0.037472,-0.057948,0
-0.047174,-0.040017,-0.012248,0.18022,0.59983,1.0193,0.6075,0.20894,0.015075,-0.049456,0
0.0061635,0.0081715,0.008088,0.15937,0.56567,0.96556,0.56965,0.20402,0.0022861,-0.018215,-0
-0.011851,0.024934,0.0015631,0.17457,0.58541,1.0047,0.59224,0.17318,0.028901,-0.020618,0
-0.065579,-0.037422,0.031615,0.20755,0.61632,1.0196,0.61037,0.19359,0.0049661,-0.018542,0
-0.045261,0.014778,0.21662,0.61228,0.98609,0.56707,0.18804,0.025881,-0.0037011,-0.039705,-1
-0.064052,-0.034485,-0.0096153,0.16058,0.58121,1.0019,0.58414,0.16043,-0.0074449,-0.04533,-0
-0.019794,-0.035694,-0.02557,0.16591,0.59288,1.0158,0.61375,0.18259,0.0062699,-0.0032555,0
-0.081651,-0.060204,0.032445,0.20607,0.59929,0.98585,0.5821,0.17839,0.046482,0.027568,0
-0.027299,-0.017512,0.0093553,0.19625,0.61048,0.98926,0.58318,0.18982,0.00059179,-0.035375,0
-0.011588,0.017109,0.17003,0.59513,0.98279,0.60985,0.21289,0.011986,-0.020686,-0.039413,-1
-0.05707,-0.039687,-0.0086764,0.19825,0.59976,1.021,0.61203,0.19215,0.01257,0.0014012,-0
-0.022133,-0.0070538,-0.0125,0.16068,0.58656,1.0167,0.61307,0.19224,0.024162,0.019201,-0
-0.0011054,-0.0056457,0.017842,0.19715,0.59805,1.0073,0.58056,0.1888,0.0077435,-0.02733,0
-0.034709,-0.037182,-0.042493,0.16514,0.58328,1.0135,0.58847,0.18379,0.021115,-0.023281,-0
0.03795,-0.0096673,-0.019477,0.0040614,0.20698,0.59829,0.98638,0.57886,0.18012,0.0090208,1
-0.038288,0.012238,0.18238,0.58328,0.98618,0.59691,0.1768,0.0478,0.013016,-0.012154,-1
-0.0023325,-0.016654,-0.0097539,0.17832,0.58184,0.97369,0.55551,0.17738,0.01101,-0.015354,-0
0.015498,-0.032657,-0.0022828,0.034188,0.17657,0.59034,1.0038,0.59794,0.16295,-0.046151,1
-0.037866,-0.043994,-0.021108,0.18279,0.59845,1.0023,0.61165,0.19427,-0.011876,-0.045001,0
-0.057799,-0.046813,-0.022627,0.15712,0.58792,0.99009,0.59699,0.20681,0.026498,-0.032094,-0
-0.044013,-0.04819,-0.017153,0.17308,0.60165,1.049,0.61608,0.15841,-0.019956,-0.02301,-0
-0.03891,-0.035973,-0.023847,0.18014,0.60795,1.0077,0.60211,0.2104,0.0076181,-0.027691,-0
-0.033731,-0.010715,-0.012943,0.15827,0.57414,0.98509,0.57757,0.15364,-0.024051,-0.015631,-0
-0.046533,-0.025885,-0.0070127,0.1743,0.58495,0.98794,0.60584,0.20716,0.023107,-0.0029255,-0
-0.028355,0.015687,0.19954,0.60198,0.99567,0.5966,0.19399,-0.0086972,-0.055615,-0.059381,-1
-0.023812,-0.018206,-0.0072992,0.18184,0.55948,0.95445,0.57545,0.17759,-0.0064544,-0.045219,-0
-0.05564,-0.033763,0.011158,0.18539,0.60138,1.0223,0.60808,0.19681,0.0094735,-0.031528,0
-0.030292,-0.014791,0.0012118,0.1986,0.60607,0.98265,0.54867,0.14827,-0.055331,-0.067146,-0
-0.052604,-0.065404,0.0018284,0.19459,0.6058,1.0121,0.61189,0.19636,-0.017955,-0.05003,-0
-0.020696,-0.0010468,0.033431,0.21086,0.58908,0.99329,0.55784,0.14691,-0.017151,-0.024894,0
-0.035744,-0.026978,0.019122,0.20537,0.59781,0.9884,0.6039,0.17687,-0.019525,-0.058236,-0
-0.032065,-0.035057,0.00050889,0.17335,0.58145,0.99727,0.60242,0.19098,0.0073945,-0.017502,-0
-0.04467,-0.034028,-0.031854,0.15322,0.5911,1.0172,0.61727,0.18616,0.011961,-0.028584,0
-0.017462,0.009188,0.025514,0.1777,0.54856,0.97841,0.58228,0.16241,-0.0083894,-0.047092,0
-0.048991,-0.044685,-0.055392,0.12832,0.59608,1.0219,0.60808,0.16597,-0.016643,-0.039439,0
-0.053984,-0.044167,-0.00051342,0.17331,0.55755,0.98442,0.57978,0.20009,0.0086386,-0.042792,-0
-0.0503,-0.049414,-0.021366,0.16946,0.58902,0.9991,0.60873,0.17918,-0.028752,-0.055211,0
-0.01077,-0.032457,-0.0079988,0.16358,0.57123,1.0041,0.62431,0.22653,0.028479,-0.0084675,0
-0.012916,-0.02276,-0.0051631,0.14462,0.56249,0.99796,0.61777,0.1935,0.0085407,-0.02483,0
-0.0030116,-0.05709,-0.058207,-0.026353,0.16825,0.58747,1.0118,0.61605,0.19902,-0.00028925,1
-0.047367,-0.020751,0.014695,0.19293,0.57651,0.96633,0.57038,0.17727,0.020121,-0.014021,0
-0.056812,-0.038938,-0.0066502,0.16409,0.59214,0.98634,0.58811,0.18037,-0.00072956,-0.03564,-0
-0.030942,0.0074705,0.021522,0.19766,0.56726,0.96989,0.59197,0.20144,0.011752,-0.040571,0
-0.052071,-0.016153,0.013104,0.21408,0.60557,1.0089,0.58838,0.19873,-0.0017115,-0.076375,-0
-0.053148,-0.028967,-0.00018797,0.19949,0.62051,1.0155,0.60568,0.15131,-0.026495,-0.051615,-0
-0.032744,0.0063377,0.20292,0.61746,1.0348,0.62351,0.17536,0.00043009,-0.022837,-0.020244,-1
-0.0074847,-0.0089786,0.0049068,0.17778,0.58124,0.97673,0.57015,0.18334,0.018445,-0.003465,-0
-0.055222,-0.037529,-0.004145,0.19514,0.57799,0.97944,0.60504,0.18641,-0.017508,-0.063801,-0
-0.040205,-0.020693,0.0046158,0.19022,0.57126,0.99896,0.59684,0.1666,-0.01457,-0.033859,-0
-0.084479,-0.022412,-0.012634,0.14084,0.56404,1.0099,0.5866,0.17386,0.0033102,-0.027814,0
-0.0027319,0.014148,0.19742,0.59802,0.99461,0.56134,0.1669,-0.0080664,-0.0077948,-0.04675,-1
-0.0040872,0.0065549,-0.00089553,0.14876,0.57851,0.98954,0.59151,0.16284,0.0038116,-0.0070021,-0
-0.035816,-0.012689,0.00040282,0.18189,0.56768,0.98191,0.55426,0.18672,0.024969,-0.015681,-0
-0.0485,-0.02721,0.017914,0.22221,0.61107,1.0079,0.5793,0.1615,0.013486,-0.013955,0
-0.091762,-0.068423,-0.035393,0.15674,0.56553,1.0096,0.59059,0.17071,-0.019715,-0.066426,0
-0.044886,-0.028036,-0.0096121,0.17654,0.5727,0.99931,0.59892,0.19934,-0.018851,-0.034747,0
-0.012369,-0.0049832,0.022748,0.19511,0.60237,1.0025,0.58063,0.17614,-0.0056353,-0.041247,-0
-0.079246,-0.076054,-0.014594,0.147,0.57238,1.0241,0.61794,0.18561,0.0056872,-0.004983,0
-0.040714,-0.010009,0.012026,0.17959,0.62691,1.0394,0.59472,0.1794,-0.0078361,-0.050193,0
-0.046524,-0.029705,0.15293,0.57495,1.0152,0.60052,0.17492,0.0095736,-0.015503,-0.028055,-1
-0.081491,-0.03808,-0.042125,0.16409,0.58683,0.99637,0.57363,0.17714,0.0027728,-0.0044444,-0
-0.021183,-0.0064108,0.01933,0.19212,0.60205,0.95915,0.57482,0.17355,0.003332,-0.038528,0
-0.018971,0.01164,0.0038057,0.19292,0.58941,1.0009,0.59476,0.1618,-0.03695,-0.050149,-0
-0.024741,-0.042237,-0.052987,0.13606,0.58238,0.99712,0.59636,0.2087,0.027323,-0.013058,0
-0.051862,-0.042998,-0.021557,0.15832,0.57246,1.0026,0.60386,0.18891,0.0061869,-0.044525,0
-0.018615,-0.0011656,0.0066282,0.18136,0.61519,1.0533,0.60683,0.19752,0.02827,-0.0040685,-0
-0.032155,-0.014756,0.010207,0.1711,0.60459,1.0089,0.59699,0.15103,-0.061378,-0.068194,-0
-0.01538,0.00042164,0.15686,0.55578,0.99506,0.60502,0.19333,0.014124,-0.015514,-0.039468,-1
-0.033422,-0.011028,-0.0098034,0.16423,0.58441,0.98883,0.58712,0.19999,-0.00079722,-0.056736,0
-0.037673,-0.020413,-0.00047534,0.18658,0.59771,1.0146,0.61449,0.23315,0.0074277,-0.027949,-0
-0.045742,-0.026783,0.038093,0.22179,0.61024,1.0085,0.59938,0.19361,0.010551,-0.019751,-0
0.020432,-0.026025,-0.030839,0.00087492,0.18672,0.60395,1.0171,0.58218,0.18234,0.0049945,1
-0.018992,-0.021484,-0.0053839,0.18136,0.60064,1.0023,0.61122,0.18458,-0.01003,-0.06221,-0
-0.013224,-0.020198,0.003514,0.19119,0.6241,1.0291,0.63025,0.21456,0.051505,0.012182,-0
-0.063292,-0.024395,-0.012065,0.1659,0.60417,1.0069,0.58136,0.18207,0.0083148,-0.033128,0
-0.045505,-0.045187,-0.01308,0.17697,0.60585,1.036,0.61413,0.17796,0.0043958,-0.0065574,0
-0.00062901,-0.018175,-0.0030451,0.18103,0.59105,0.98206,0.54489,0.17328,0.00484,-0.028562,0
-0.082776,-0.046219,0.016898,0.17883,0.59331,0.99562,0.57738,0.16853,-0.011413,-0.026871,-0
-0.027318,-0.029203,0.0086794,0.1885,0.61877,1.0064,0.60624,0.19481,-0.0076197,-0.026481,-0
-0.020396,-0.0012374,0.0087724,0.19044,0.58428,1.0057,0.60287,0.17738,0.016471,0.0034571,-0
-0.030309,-0.013334,0.15046,0.5911,1.0165,0.58636,0.18705,0.0033901,-0.017709,-0.052665,-1
-0.043704,-0.021013,-0.010599,0.16893,0.58674,0.97094,0.5512,0.17472,0.0036219,-0.001789,0
-0.052404,-0.034219,-0.0065986,0.17201,0.58584,1.0091,0.59709,0.16128,-0.0092879,-0.010779,0
-0.063722,-0.036975,-0.030596,0.20206,0.63452,1.0472,0.61476,0.18304,-0.0078139,-0.0057909,0
-0.05278,-0.026806,-0.0075379,0.20171,0.63603,1.034,0.60947,0.21377,0.03989,0.00029878,-0
-0.0020618,-0.08196,-0.060479,-0.014804,0.1662,0.58814,1.0147,0.58655,0.16469,-0.014006,1
-0.056763,0.0092645,-0.0038326,0.17832,0.61506,1.0363,0.58146,0.19022,0.0073212,-0.036067,-0
-0.049977,-0.041679,0.0012275,0.16171,0.56921,0.98387,0.61328,0.20984,0.024877,-0.014859,-0
-0.036128,-0.0037666,0.15348,0.54272,0.95529,0.57691,0.20573,0.023056,0.00011267,-0.0055407,-1
-0.030408,-0.0094325,0.008123,0.1792,0.58703,0.988,0.58373,0.20149,0.022944,-0.0017496,0
-0.060052,-0.033339,-0.010556,0.17717,0.59906,1.0042,0.56288,0.13587,-0.0031287,-0.025571,0
-0.01125,-0.0014442,0.0081424,0.20214,0.61821,1.014,0.59915,0.20594,0.016515,-0.027384,-0
-0.048954,-0.027218,0.019246,0.21612,0.63766,1.0196,0.60142,0.19208,0.021579,-0.019056,-0
0.0062632,-0.013042,-0.00087821,0.16267,0.55571,0.97348,0.59365,0.18743,0.012894,-0.048469,-0
-0.071235,-0.027263,-0.021014,0.18075,0.58538,1.0123,0.58874,0.19535,0.0018175,-0.020695,0
-0.043977,0.0044078,0.20051,0.58268,0.97762,0.57032,0.16763,-0.039211,-0.067683,-0.06346,-1
-0.053237,-0.023548,0.0099801,0.18355,0.58235,0.99165,0.56773,0.17173,0.00028104,-0.019099,0
-0.0079559,-0.025354,-0.0012416,0.19141,0.60354,1.0328,0.61129,0.18772,-0.011752,-0.049094,0
0.0121,-0.01634,-0.011724,0.016342,0.19125,0.59983,0.99925,0.59817,0.19845,0.022616,1
-0.042327,-0.030772,0.00056948,0.17493,0.60645,0.9914,0.59604,0.18295,0.00505,-0.046885,-0
-0.070428,-0.040242,-0.011318,0.16495,0.5822,1.0126,0.60109,0.17714,-0.019779,-0.042801,0
0.010654,-0.056059,-0.039022,-0.00066462,0.1828,0.60357,1.0258,0.61176,0.18902,0.0044923,1
-0.049047,-0.0094981,0.031723,0.2099,0.58852,0.99571,0.56221,0.17584,-0.01717,-0.019935,0
0.016273,0.021897,-0.0037989,0.18216,0.60989,1.0097,0.60205,0.19626,0.0095103,-0.0095025,-0
-0.048555,-0.032591,0.0091949,0.19904,0.59522,1.006,0.60199,0.18845,-0.042314,-0.084254,0
-0.06585,-0.040296,0.0048854,0.16683,0.55653,0.97992,0.57793,0.18337,-0.009057,-0.05898,0
-0.043958,-0.00063988,0.0061153,0.19263,0.58195,0.99204,0.58582,0.16655,-0.0061479,-0.037852,-0
-0.041066,-0.03732,-0.0050359,0.16529,0.57768,0.98149,0.56666,0.18709,0.0069701,-0.048979,0
-0.020588,-0.013091,0.0024837,0.18546,0.60693,1.0089,0.59726,0.19402,-0.0040968,-0.014536,-0
-0.049164,-0.022087,0.013803,0.19198,0.6,1.0166,0.58997,0.19489,-0.0020335,-0.020179,-0
-0.057553,-0.068826,-0.037167,0.1497,0.57317,0.98605,0.58403,0.1552,-0.03679,-0.035845,-0
0.016266,0.033695,0.17703,0.56242,1.0097,0.58539,0.18418,0.0094228,-0.019409,-0.030057,-1
-0.019761,0.00030048,0.006469,0.15881,0.58829,1.0096,0.61007,0.17433,-0.0029388,-0.037324,-0
-0.047611,-0.044568,-0.0060969,0.18934,0.59145,0.98683,0.59189,0.1909,0.010455,0.012827,0
-0.04256,0.0047985,0.0073053,0.18312,0.59637,1.007,0.59193,0.19341,-0.0039502,-0.048281,0
-0.058104,-0.033955,0.0075243,0.17033,0.5803,1.0191,0.63095,0.22135,0.022758,0.0030566,-0
-0.03757,-0.019357,0.17946,0.57723,0.99198,0.58539,0.1601,-0.050672,-0.055401,-0.047883,-1
-0.043764,-0.022738,0.015302,0.17244,0.58184,0.99633,0.58948,0.15006,-0.035059,-0.084653,0
-0.012384,-0.015178,0.003128,0.17641,0.57353,0.98276,0.57434,0.18939,-0.0036517,-0.015762,0
-0.042528,-0.042732,0.0035624,0.20419,0.61698,1.0091,0.60764,0.19279,0.00058504,-0.0086592,0
-0.038736,-0.050041,-0.0022242,0.18966,0.59264,0.99809,0.59075,0.17594,-0.013311,-0.04321,0
-0.0087966,0.029361,0.18223,0.57546,0.97161,0.54996,0.14863,-0.02168,-0.033972,-0.02928,-1
-0.033504,-0.0044008,0.0083703,0.17437,0.59612,1.0183,0.59682,0.17979,-0.0060707,-0.040223,-0
-0.027095,-0.0004267,0.014644,0.19627,0.61758,1.0252,0.57706,0.17775,0.007247,-0.01665,-0
-0.00044511,-0.028975,-0.0484,-0.012129,0.19889,0.59961,1.0004,0.58451,0.18888,0.021097,1
0.016397,-0.024273,-0.01159,0.010687,0.20272,0.57969,1.0006,0.58096,0.15724,-0.0017818,1
-0.0487,0.0019878,0.0050137,0.16487,0.58204,0.99298,0.56409,0.1616,0.0093884,-0.023147,-0
-0.010344,0.022668,0.050846,0.17826,0.55708,0.97722,0.58307,0.16303,-0.023087,-0.015693,-0
-0.048008,-0.038642,-0.007738,0.18712,0.59541,0.97879,0.58376,0.18415,-0.020955,-0.032943,-0
-0.065526,-0.013623,0.029602,0.20057,0.62138,1.0205,0.61644,0.19072,-0.017285,-0.062276,0
-0.057103,-0.0059203,-0.0023654,0.17321,0.58616,1.0008,0.60414,0.19609,0.0053237,-0.041787,0
-0.01549,0.0024976,0.012557,0.16518,0.57816,0.99581,0.58432,0.22227,0.060542,-0.0027634,0
-0.048268,-0.046593,-0.016841,0.16606,0.58073,0.98154,0.58945,0.19884,0.015692,-0.0050045,0
-0.036228,0.009735,0.17572,0.57801,0.96714,0.5739,0.16269,0.00026006,-0.014076,-0.031819,-1
-0.036221,-0.0063497,0.0030148,0.19537,0.59378,0.99249,0.57733,0.15189,0.001198,-0.010346,0
-0.055466,-0.04515,-0.013691,0.18711,0.6056,0.98647,0.57001,0.14462,-0.012033,-0.037109,0
-0.051473,-0.031862,-0.0084305,0.16502,0.60209,1.0108,0.58527,0.15161,-0.030713,-0.077408,-0
-0.015916,0.0069782,0.16827,0.5747,0.98764,0.57587,0.16226,0.013442,0.0048475,-0.013401,-1
0.026812,-0.023774,-0.01697,0.01103,0.16734,0.5796,1.0077,0.60904,0.18986,-0.0025687,1
0.0033084,-0.035583,-0.037998,-0.010827,0.18901,0.58109,1.0043,0.60348,0.21916,0.025088,1
0.015927,-0.025739,-0.030473,-0.034065,0.13645,0.55797,0.98031,0.56848,0.16594,0.01852,1
-0.043321,-0.05338,-0.046606,0.15158,0.58134,1.0093,0.58928,0.16825,-0.024191,-0.039666,-0
0.019406,-0.016834,-0.020289,-0.0078189,0.18216,0.57121,0.97447,0.55406,0.15483,-0.019969,1
-0.037288,-0.040751,-0.017731,0.18914,0.6165,0.9922,0.56799,0.17285,-0.019536,0.0011462,-0
-0.068114,-0.043818,-0.025302,0.17635,0.60893,1.0082,0.58518,0.17543,-0.021655,-0.050903,0
-0.03569,-0.032189,0.16136,0.58065,0.99803,0.60321,0.18403,0.012724,-0.031239,-0.086216,-1
-0.019644,-0.0053296,0.18828,0.59364,1.025,0.59016,0.1599,-0.015909,-0.034782,-0.059985,-1
-0.0077556,-0.020721,0.017861,0.17654,0.5835,0.99384,0.59121,0.18765,0.0034,-0.0070435,0
-0.018476,-0.0083725,0.01474,0.19868,0.60249,1.0135,0.6035,0.19508,0.017998,0.0011394,-0
-0.049608,-0.048682,-0.02358,0.16205,0.57121,0.98778,0.59194,0.16569,-0.0072736,-0.023808,0
-0.023035,-0.021239,0.18067,0.61023,1.0148,0.56462,0.17101,-0.017523,-0.05234,-0.088125,-1
-0.031494,-0.01467,0.18758,0.59875,0.98742,0.58642,0.18629,-0.024186,-0.069155,-0.067773,-1
-0.045353,-0.023314,-0.013939,0.15472,0.57095,0.99951,0.60452,0.20691,0.035671,0.0053913,-0
-0.028998,0.022897,0.038206,0.17707,0.56451,0.98214,0.56942,0.18749,0.0041731,-0.018055,0
-0.029461,-0.035834,-0.020017,0.1885,0.6338,1.0407,0.63517,0.19374,0.0017818,-0.055284,-0
-0.057507,-0.069158,-0.053718,0.17328,0.57255,1.005,0.58475,0.17379,-0.015262,-0.045433,0
-0.035003,-0.071401,-0.034094,-0.014635,0.15848,0.56592,0.97333,0.60067,0.21357,0.047914,1
-0.023574,-0.054397,-0.039024,0.010659,0.19649,0.59175,0.97693,0.55958,0.16916,-0.010728,1
0.0055204,0.0032381,0.0099378,0.17976,0.58628,0.98977,0.56137,0.16647,0.021521,0.020527,0
-0.048703,-0.036553,0.00019885,0.18934,0.60808,0.9717,0.55065,0.15143,0.0061485,-0.014298,-0
-0.028706,-0.011372,0.028458,0.16503,0.56576,0.98302,0.57515,0.15917,-0.050056,-0.049016,-0
-0.036677,-0.0046117,0.036203,0.18665,0.56802,0.96906,0.58143,0.1929,0.022789,-0.025962,-0
-0.044567,-0.023427,0.17085,0.57499,1.0046,0.60846,0.18967,-0.021355,-0.033116,-0.053809,-1
-0.029977,0.0010903,0.0048204,0.17673,0.58074,1.0014,0.60188,0.18965,0.032574,-0.012559,-0
-0.017102,-0.018539,0.17447,0.58266,1.0243,0.59945,0.16531,-0.013952,-0.039752,-0.058072,-1
-0.045104,-0.036805,-0.029522,0.17362,0.60771,0.99269,0.59953,0.19555,-0.0075028,-0.025887,0
-0.076828,-0.072276,-0.037431,0.18488,0.62394,1.0135,0.61063,0.17851,-0.013895,-0.03059,0
-0.029647,-0.02209,-0.0038013,0.19501,0.58584,0.96866,0.52244,0.15586,0.020179,-0.022566,0
-0.043924,-0.025914,0.013804,0.18491,0.61374,1.0146,0.59715,0.17086,0.012033,-0.014144,0
-0.031122,-0.029601,-0.0099348,0.167,0.57223,1.0125,0.58029,0.16787,0.0066723,-0.013949,-0
-0.013459,-0.031604,0.01582,0.17001,0.54767,0.97803,0.60984,0.18781,-0.0062466,-0.036475,0
-0.058575,-0.010139,0.04911,0.21721,0.62294,0.99467,0.59408,0.1726,-0.01449,-0.042219,-0
-0.025513,-0.020504,-0.0032427,0.1715,0.62018,1.0521,0.62341,0.20938,0.0015362,-0.0036679,-0
-0.063543,-0.037373,0.013863,0.17155,0.57899,0.98968,0.57929,0.15988,-0.0091547,-0.039836,-0
-0.036206,-0.020315,0.00063731,0.18575,0.57987,0.99944,0.5724,0.18048,0.020944,-0.012827,0
-0.0071496,-0.017746,0.014322,0.01209,0.17779,0.5839,0.99872,0.58985,0.16997,-0.0013532,1
-0.060441,-0.045014,-0.00072152,0.18736,0.58383,0.9738,0.56802,0.17758,0.02108,0.0069621,0
-0.035011,-0.026383,-0.019334,0.15696,0.55306,1.0007,0.6248,0.22054,0.0015264,-0.040781,0
-0.051715,-0.038035,0.0098771,0.1995,0.62216,1.0397,0.61008,0.19645,0.031029,0.0076778,-0
-0.046431,-0.036419,-0.018534,0.1585,0.55104,0.97465,0.61494,0.19929,0.024413,-0.035997,-0
-0.082683,-0.015897,0.019018,0.17444,0.5753,0.9735,0.56241,0.17989,0.017632,0.0083809,-0
-0.038779,-0.030928,0.019122,0.19518,0.60227,1.0139,0.57368,0.1623,0.01227,0.0038823,-0
-0.039213,-0.028594,-0.0083474,0.17959,0.5848,0.98159,0.59443,0.21864,0.022606,0.013121,-0
-0.03011,-0.026541,-0.0078419,0.18212,0.57254,0.97661,0.56067,0.17602,-0.02612,-0.018874,-0
-0.044576,0.014087,0.020468,0.17487,0.58229,0.98807,0.58145,0.17682,0.0093588,-0.0249,0
-0.053206,-0.043504,-0.017261,0.17197,0.58742,0.99387,0.58812,0.18272,0.010173,-0.032502,0
-0.017776,0.0098976,0.006429,0.19187,0.60633,1.0117,0.59234,0.16372,-0.019755,-0.040889,0
-0.065585,-0.055397,0.011232,0.20295,0.60974,1.0021,0.58319,0.18615,0.0025286,-0.0053755,-0
-0.039378,-0.043419,-0.028562,0.17866,0.62334,1.0322,0.60372,0.16996,-0.012476,-0.047257,-0
-0.023339,-0.0059028,0.014262,0.16373,0.57542,1.022,0.60276,0.18174,-0.019041,-0.032459,0
-0.012897,-0.0070661,-0.0022558,0.18681,0.57995,0.99427,0.59717,0.21839,0.0045678,-0.043197,0
0.016625,-0.0064556,-0.010745,0.010377,0.19395,0.60838,1.0177,0.59106,0.17939,-0.010269,1
-0.055603,-0.0096954,0.16846,0.60233,1.0239,0.62041,0.20127,0.010106,-0.035138,-0.053085,-1
-0.046984,-0.052904,-0.016911,0.17633,0.56696,0.94599,0.57802,0.16237,-0.026056,-0.059314,0
-0.042608,-0.00044453,0.011513,0.17702,0.56595,0.97844,0.57866,0.15569,-0.0060915,-0.016303,0
0.0012567,-0.017884,-0.012393,0.17848,0.57457,0.98169,0.59796,0.17394,0.018145,-0.01171,0
-0.05841,-0.012226,0.042272,0.21692,0.6034,1.0087,0.59403,0.18179,0.019667,0.0096357,-0
-0.037775,-0.0039991,-0.0027639,0.1647,0.57556,1.0064,0.57779,0.16741,-0.026441,-0.041282,-0
-0.035444,-0.016625,0.014279,0.20603,0.63244,1.0478,0.6355,0.19135,-0.0048895,-0.015498,-0
-0.028897,-0.048125,-0.015621,0.1721,0.60135,1.0254,0.59221,0.17943,0.030482,-0.0086064,0
-0.035617,-0.022741,-0.015189,0.17459,0.62376,1.0451,0.62368,0.19781,-0.0035156,-0.064708,-0
-0.015654,0.032704,0.23691,0.60826,0.99467,0.57855,0.1822,0.020626,-0.020753,-0.027927,-1
-0.043612,-0.01801,0.023794,0.17694,0.58418,0.96947,0.5668,0.18374,0.00086589,-0.062142,0
-0.080484,-0.04959,0.016008,0.2232,0.61379,1.0394,0.60274,0.16825,-0.035252,-0.049424,0
-0.057255,-0.002338,0.18108,0.59543,0.98902,0.58842,0.19284,0.029834,-0.021122,-0.06341,-1
0.0011866,0.016882,0.033485,0.18567,0.59562,0.99662,0.60726,0.18512,0.0051203,-0.014337,-0
-0.035174,-0.025548,-0.0040355,0.16907,0.55716,0.99882,0.60176,0.19262,-0.0059208,-0.048997,0
-0.028003,-0.015654,-0.00079753,0.18533,0.60284,1.0208,0.59757,0.16238,-0.026781,-0.032799,-0
-0.025436,-0.071126,-0.059535,-0.020691,0.1629,0.60858,1.0063,0.60947,0.21466,0.021766,1
-0.060252,-0.051872,-0.014493,0.19207,0.61556,1.0244,0.61565,0.15849,-0.023861,0.00033695,-0
0.026975,-0.066005,-0.068396,-0.023641,0.17546,0.59598,1.0089,0.56379,0.15295,-0.020401,1
-0.0060647,0.014886,0.015194,0.16418,0.57012,0.992,0.58093,0.16642,-0.0082917,-0.020012,-0
-0.087739,-0.054752,-0.0067624,0.16152,0.57812,0.98624,0.57604,0.17724,0.0020355,-0.036848,0
-0.019352,-0.016349,-0.0031217,0.18613,0.61392,0.98421,0.55842,0.16277,-0.002341,-0.025451,0
-0.054394,-0.06097,-0.023711,0.18677,0.63795,1.0154,0.58695,0.1844,0.010182,-0.047866,0
-0.030622,0.031752,0.15354,0.5453,0.99739,0.62886,0.20871,0.03153,-0.0043592,-0.041326,-1
-0.012361,0.007951,0.18592,0.56452,0.9741,0.58504,0.18016,0.024311,0.015071,-0.013139,-1
-0.044641,0.0048784,0.016238,0.18896,0.60623,1.0088,0.58102,0.14403,-0.035542,-0.055948,-0
-0.05649,-0.066155,0.0072768,0.21047,0.60952,1.0267,0.58528,0.16869,-0.044001,-0.058514,-0
-0.036517,-0.014626,0.013936,0.1913,0.54936,0.95803,0.56457,0.16402,-0.021717,-0.048149,-0
-0.045953,-0.055566,-0.031627,0.14267,0.56547,0.95339,0.53138,0.16717,0.0069017,-0.035447,0
-0.031982,-0.022551,0.018247,0.19159,0.56895,0.98412,0.56752,0.13132,-0.053362,-0.034726,0
-0.03156,-0.010439,0.0437,0.23629,0.60788,0.98082,0.57319,0.17649,0.03751,-0.034794,0
-0.031269,-0.0025758,0.012746,0.18075,0.59588,1.028,0.60435,0.15422,-0.02381,-0.043748,-0
-0.061183,-0.046871,0.00070876,0.19911,0.60576,1.0198,0.58253,0.16933,-0.010364,-0.035154,-0
-5.656e-05,0.024006,0.18113,0.58441,0.97696,0.58626,0.19126,0.031228,-0.013452,-0.018768,-1
-0.046043,-0.025622,-0.01577,0.15712,0.56175,1.016,0.57373,0.15368,-0.0052876,-0.018893,-0
-0.023213,-0.0106,0.015117,0.20528,0.60163,0.99382,0.61193,0.21487,0.026589,-0.037216,0
-0.049409,-0.031617,-0.0070211,0.18608,0.6122,0.99323,0.59476,0.15496,-0.013974,-0.018834,0
-0.042401,-0.022105,-0.016348,0.18934,0.59152,1.0143,0.58692,0.16194,-0.0050904,-0.058371,-0
-0.071414,-0.048307,0.0037472,0.18723,0.61514,1.0214,0.61155,0.18646,-0.015485,-0.066466,-0
-0.079733,-0.045213,-0.0060006,0.167,0.57202,1.0231,0.58463,0.17855,-0.0032117,-0.027538,0
-0.045742,-0.047403,-0.027088,0.17971,0.57908,0.98313,0.58501,0.1428,-0.043855,-0.036992,0
-0.024406,-0.018658,0.026282,0.21172,0.62102,1.0268,0.62423,0.19181,-0.045727,-0.083818,0
-0.036911,-0.0044823,0.16519,0.5635,1.0051,0.58753,0.15014,0.014377,0.006535,-0.0071329,-1
-0.045045,-0.0058789,0.016112,0.20772,0.61176,1.0198,0.66158,0.23226,0.023329,-0.032479,0
0.012691,-0.067117,-0.046363,-0.015294,0.17564,0.59604,1.0245,0.61119,0.17986,-0.0023902,1
-0.056395,-0.028867,0.0027325,0.17251,0.58392,0.99127,0.62118,0.18248,-0.0023968,-0.014695,-0
-0.055148,-0.021889,-0.0081532,0.19052,0.59626,1.0042,0.57893,0.17075,0.0011927,-0.0031047,-0
-0.023335,-0.020933,0.0040452,0.17865,0.57113,0.99343,0.61027,0.2071,0.006625,-4.0582e-05,0
-0.031318,-0.0094315,-0.00019815,0.19139,0.59812,1.0303,0.59821,0.19215,0.01048,-0.026105,-0
-0.072271,-0.057145,-0.022542,0.17862,0.59459,1.0011,0.58584,0.18309,-0.0025549,-0.011911,0
-0.058229,-0.015591,0.019477,0.18546,0.60549,0.99815,0.56845,0.16692,0.0065537,-0.041587,-0
-0.07029,-0.041762,0.006437,0.19475,0.57439,0.98297,0.58563,0.18223,0.0038311,0.012294,-0
-0.035302,-0.028895,0.019399,0.19499,0.57155,0.96851,0.58718,0.18311,-0.020644,-0.044956,-0
-0.066078,-0.01785,0.029791,0.19108,0.5529,0.98274,0.57911,0.17559,-0.029019,-0.044808,-0
-0.0042323,0.033251,0.18629,0.59089,0.98192,0.58176,0.1789,0.0058159,-0.021675,-0.015466,-1
-0.031212,8.2286e-06,0.029193,0.19585,0.58432,0.97121,0.59737,0.18604,-0.01294,-0.033272,0
-0.042792,-0.024469,0.015842,0.14929,0.58208,1.0084,0.59204,0.19018,0.014153,0.0026139,0
-0.078043,-0.050944,-0.008189,0.14691,0.55895,0.99461,0.59915,0.17823,0.026758,0.0030124,0
-0.0046045,-0.065864,-0.036427,-0.0067269,0.17314,0.57428,0.98143,0.58177,0.18132,-0.0085559,1
-0.057951,-0.042128,-0.030988,0.18488,0.61287,1.0136,0.58562,0.15044,-0.027269,-0.021935,-0
-0.066297,-0.033082,0.023335,0.23202,0.62629,1.0229,0.58587,0.15404,-0.010757,-0.031223,0
-0.038981,-0.0259,-0.040794,0.14219,0.60469,0.99981,0.59605,0.17782,-0.0095192,0.00085725,0
-0.00072516,-0.0096636,0.001602,0.18489,0.57439,0.9878,0.58236,0.18576,-0.011954,-0.028157,0
-0.020885,-0.017288,-0.0094451,0.1856,0.58455,0.97395,0.56004,0.14686,0.0065007,-0.029638,0
-0.058686,-0.064043,-0.0090912,0.18899,0.61043,1.0195,0.58436,0.1871,0.017138,0.0049896,-0
0.040736,-0.023057,0.0066205,0.013398,0.17762,0.59754,1.0139,0.59893,0.18403,0.01396,1
-0.047803,-0.044576,-0.017392,0.15782,0.55915,0.99776,0.58812,0.18693,0.01811,-0.028291,0
-0.062507,-0.058527,-0.041059,0.14649,0.57793,0.99831,0.61224,0.20551,0.036113,-0.0019446,-0
0.036729,-0.050538,-0.030009,0.013997,0.19664,0.58471,0.97873,0.59485,0.1787,-0.0088329,1
-0.020259,-0.0033747,0.0024484,0.15028,0.55229,0.97411,0.5773,0.18097,0.019689,0.010663,0
-0.025511,-0.055219,-0.028369,0.12243,0.56716,0.97729,0.58851,0.21105,-0.0033367,-0.025884,-0
-0.033807,-0.028851,-0.0082766,0.16539,0.559,0.96221,0.56893,0.16594,-0.0026926,-0.036315,-0
-0.068905,-0.068683,-0.022856,0.15478,0.58102,0.99964,0.57076,0.1666,0.0054533,-0.02606,0
-0.027013,-0.014294,0.031258,0.21047,0.61191,0.99818,0.55388,0.16402,-0.0062325,-0.029628,0
-0.042092,-0.022737,0.016711,0.20072,0.61486,1.0192,0.57576,0.16191,0.026047,0.019707,0
-0.049196,-0.031008,-0.0015905,0.17693,0.60719,1.0194,0.57726,0.1729,0.0048546,-0.017433,0
-0.054272,-0.022254,0.01591,0.20675,0.58456,0.99796,0.61536,0.20107,-0.019612,-0.053495,0
-0.059741,-0.025727,0.011147,0.18833,0.56345,0.96863,0.58836,0.1886,0.013643,-0.03393,-0
-0.038814,-0.012881,-5.6725e-05,0.17059,0.58178,0.99758,0.586,0.20139,0.016494,0.00097506,0
-0.059716,-0.040659,-0.022036,0.16269,0.58674,1.0124,0.61839,0.17992,-0.0014031,-0.023181,-0
-0.048916,-0.035052,-0.025992,0.16164,0.58954,1.0132,0.63511,0.21354,0.015608,-0.03204,0
-0.041531,-0.040098,0.0094902,0.20651,0.59648,0.97784,0.56371,0.17865,0.027524,-0.0031056,0
0.022357,-0.043537,-0.05366,-0.019804,0.202,0.61209,0.99175,0.59,0.16878,-0.021174,1
-0.01806,0.0049085,0.0015178,0.20803,0.57293,0.98825,0.60367,0.2061,0.0016572,-0.033652,0
-0.0083957,-0.021261,0.0031712,0.19238,0.5996,0.9985,0.6062,0.16505,-0.018506,-0.050058,0
-0.014707,-0.01048,0.16933,0.58346,0.99964,0.56439,0.18443,0.0087239,-0.039596,-0.05104,-1
-0.06873,-0.040286,-0.019417,0.16989,0.5763,1.0033,0.60976,0.16661,-0.030321,-0.042425,-0
-0.012324,0.0024122,0.011051,0.16634,0.56777,0.98901,0.58656,0.18482,0.0066488,-0.018712,-0
-0.042762,-0.032882,0.01261,0.20322,0.62162,1.0083,0.5987,0.19577,0.037224,0.0063459,0
-0.036432,-0.035267,-0.0015558,0.19341,0.58828,1.006,0.61826,0.19829,0.014563,-0.025383,0
-0.061788,-0.054537,-0.022895,0.15033,0.56088,1.0235,0.59489,0.15451,-0.037488,-0.037376,-0
-0.075607,-0.052252,-0.042448,0.1507,0.57682,0.99947,0.62362,0.22877,0.023416,-0.023572,0
-0.038148,0.011753,0.19235,0.61539,1.0101,0.60685,0.18686,-0.0010229,-0.013945,-0.029702,-1
-0.027499,0.015541,0.19681,0.59533,0.99911,0.60033,0.19137,-0.005173,-0.036506,-0.065294,-1
-0.0065438,-0.057593,-0.030119,0.018537,0.19776,0.58617,1.009,0.5915,0.20453,0.04806,1
-0.041597,-0.025093,0.0013527,0.15823,0.59155,1.0114,0.59442,0.17921,0.015675,-0.0048829,-0
-0.043287,-0.063452,-0.044352,0.19183,0.60122,0.97724,0.59462,0.23088,0.045861,-0.023195,0
-0.038827,-0.026147,-0.0031312,0.1914,0.61354,1.0044,0.57633,0.15976,0.0035491,-0.025175,0
-0.026917,-0.038746,-0.0010913,0.18867,0.58594,1.0072,0.60205,0.18785,0.021263,-0.025639,0
-0.015716,-0.021739,0.0099249,0.19424,0.60952,1.0108,0.57733,0.16315,-8.9986e-05,0.00072955,0
0.011974,-0.054145,-0.035382,0.011645,0.20003,0.62619,1.0393,0.62112,0.18063,-0.025118,1
-0.031692,-0.034833,0.015628,0.19362,0.60178,1.0036,0.5973,0.16637,-0.030721,-0.020279,-0
-0.054291,-0.015277,0.03537,0.2397,0.63486,1.0245,0.58578,0.19227,0.005131,-0.0090381,0
-0.0064893,0.018424,0.0087733,0.16162,0.59196,1.0092,0.58619,0.15428,-0.019618,-0.013914,-0
-0.054062,-0.042027,-0.024473,0.16517,0.59638,1.0305,0.59932,0.20335,0.0088454,-0.031846,0
-0.065193,-0.029965,0.00079312,0.17436,0.58122,1.0173,0.59898,0.1702,0.013445,-0.0045784,0
-0.0020352,-0.051124,-0.0083592,0.010358,0.18923,0.58613,0.9861,0.59846,0.18555,0.0070987,1
-0.024637,-0.020973,-0.019148,0.14901,0.57236,0.96672,0.5761,0.17716,0.0064293,-0.030575,0
-0.050218,-0.039193,-0.0036788,0.17749,0.60978,0.99677,0.59236,0.18818,0.043329,0.012347,-0
-0.04442,-0.037938,-0.0028181,0.16141,0.5486,0.93542,0.58529,0.17863,3.7877e-05,-0.027657,0
-0.0582,-0.032351,0.0014895,0.20817,0.61876,0.99738,0.5743,0.15935,0.004144,-0.02694,-0
-0.046728,-0.064918,-0.0018581,0.17731,0.6016,0.9666,0.53358,0.14886,-0.0042421,-0.036086,0
-0.038949,-0.0098319,0.015306,0.17903,0.59724,1.0179,0.59121,0.18262,0.0051787,-0.019971,0
-0.029702,0.017,0.1978,0.61155,1.0461,0.602,0.16776,-0.023657,-0.039395,-0.018668,-1
-0.051339,-0.0025159,0.0036404,0.15701,0.57347,0.97607,0.5654,0.16427,-0.0074854,-0.020567,0
-0.02247,-0.01171,0.0040027,0.1912,0.61292,1.0253,0.618,0.18852,-0.0015717,-0.029785,-0
-0.032003,-0.01122,0.019583,0.18813,0.61533,1.0194,0.59219,0.18783,-0.0074929,-0.036419,-0
-0.050829,-0.005317,0.031424,0.22741,0.61483,0.99763,0.5829,0.17686,0.0015237,-0.024163,0
-0.038002,0.011171,0.20525,0.63038,1.0187,0.59287,0.14303,-0.043923,-0.049354,-0.051474,-1
-0.016551,0.0056762,0.0075565,0.18151,0.57772,0.97874,0.55784,0.15844,-0.0021301,-0.023336,-0
0.024574,0.0025311,0.01977,0.0079507,0.17928,0.5673,0.95589,0.5659,0.15516,-0.023676,1
-0.041063,-0.0083042,0.026078,0.18873,0.58496,0.97779,0.5808,0.19514,0.011299,-0.010839,-0
-0.028471,-0.039124,-0.017598,0.14809,0.56716,0.9655,0.57288,0.18209,-0.010742,-0.024689,0
0.017552,-0.03284,-0.0074259,-0.017534,0.14704,0.59004,1.0181,0.62049,0.18805,0.0029039,1
-0.031424,-0.0099684,0.027825,0.19965,0.56675,0.97117,0.58305,0.17537,-0.010218,-0.028123,0
-0.003012,0.036783,0.23115,0.62306,1.0203,0.58738,0.17149,0.016414,-0.017955,-0.061861,-1
-0.029857,0.01466,0.014722,0.19155,0.60011,1.0291,0.61002,0.19214,0.026457,0.020317,0
-0.033045,-0.041122,-0.026744,0.14944,0.55206,1.0079,0.60374,0.18595,-0.016477,-0.044496,0
-0.049898,-0.045288,-0.019095,0.1833,0.59466,1.0019,0.59999,0.19401,0.0018945,-0.024251,0
-0.067857,-0.046829,0.00016427,0.18816,0.61628,0.99802,0.57576,0.15479,0.0033169,0.010543,-0
-0.04963,-0.020614,-0.015449,0.17151,0.57879,0.99421,0.59151,0.18875,-0.011392,-0.06091,-0
-0.029792,-0.021519,0.043843,0.2219,0.59487,0.9578,0.56001,0.17666,0.0024097,-0.0163,-0
-0.034115,-0.048973,-0.026898,0.15944,0.58294,1.0066,0.60993,0.14866,-0.039136,-0.019872,0
0.010651,-0.012277,0.025037,-0.0038971,0.14613,0.55632,0.99507,0.60918,0.19761,0.010704,1
-0.01729,0.0018578,0.16138,0.56895,0.98508,0.58414,0.15607,-0.030331,-0.05664,-0.072212,-1
-0.034399,-0.046791,-0.00069994,0.17819,0.57844,0.99532,0.62255,0.19735,-0.013427,-0.047484,-0
-0.058663,-0.020862,0.001854,0.18667,0.59702,1.0042,0.59891,0.16169,-0.016686,-0.039334,-0
-0.026979,0.014091,0.19496,0.56824,0.99495,0.57304,0.16611,0.0098729,-0.053277,-0.057443,-1
-0.03951,-0.038777,-0.02679,0.15774,0.59027,1.0217,0.594,0.19455,0.0064427,-0.013958,0
0.030358,-0.018311,-0.029192,-0.002439,0.18903,0.61545,1.0167,0.60129,0.20313,0.00022847,1
-0.07104,-0.051868,-0.001843,0.20965,0.60042,0.99934,0.59407,0.17125,-0.023171,-0.056255,0
-0.043495,-0.015679,0.0088187,0.17055,0.60053,1.0069,0.60102,0.17887,0.0071915,-0.0037941,-0
-0.064206,-0.02505,-0.014276,0.1406,0.55448,0.98736,0.58676,0.19186,0.012829,-0.043341,-0
-0.065653,-0.049352,-0.021254,0.15436,0.57718,0.99061,0.5891,0.20594,0.0080875,-0.040648,-0
-0.035567,-0.01369,0.0045884,0.18818,0.61665,0.995,0.579,0.16681,-0.022428,-0.060302,-0
-0.023781,-0.028147,0.029149,0.20382,0.58492,0.97336,0.56807,0.17786,0.0070059,-0.012442,-0
-0.013499,-0.021145,-0.016104,0.14975,0.5889,1.0323,0.62265,0.18991,-0.0083426,-0.0099993,0
-0.041625,-0.0058825,-0.0041402,0.17959,0.59172,1.0061,0.5935,0.15261,-0.015333,-0.024925,-0
-0.033525,-0.011896,0.012453,0.18005,0.59339,1.0091,0.59829,0.20053,0.013965,-0.040419,0
-0.0077626,0.011072,0.007994,0.17057,0.60911,1.0428,0.61428,0.19114,0.0077658,-0.031756,0
-0.075794,-0.049507,-0.0091202,0.18692,0.56592,0.97254,0.56396,0.15843,-0.0065228,-0.015308,-0
-0.0011458,0.0029707,0.18729,0.6088,0.99959,0.58938,0.17872,0.028409,-0.0077037,-0.030363,-1
-0.041437,-0.016576,0.0076147,0.19458,0.60178,0.9904,0.58275,0.18275,-0.0089061,-0.017992,0
-0.049379,-0.045914,-0.016559,0.17512,0.58661,1.0089,0.61107,0.19331,0.023952,-0.032288,-0
-0.030794,-0.030904,0.011158,0.18763,0.59347,0.98085,0.5832,0.20252,0.018729,-0.047609,0
-0.054649,-0.010197,0.0036891,0.1533,0.57502,0.99617,0.55661,0.15176,-0.00085617,-0.024501,0
-0.038951,-0.011175,0.021487,0.17352,0.57655,0.968,0.56802,0.17166,-0.0048351,-0.018558,0
-0.063933,-0.051585,-0.0023634,0.20934,0.63468,1.0343,0.59785,0.16539,-0.016893,-0.038117,-0
-0.082377,-0.090555,-0.027887,0.18569,0.59502,1.0199,0.60527,0.20112,0.048551,9.5705e-05,-0
-0.018895,0.02062,0.038799,0.21468,0.58813,0.99061,0.56885,0.16678,0.0098516,-0.0061221,-0
-0.020939,-0.0024034,0.17931,0.60957,1.0053,0.58007,0.18052,-0.0060345,-0.042429,-0.054493,-1
-0.065788,-0.01709,-0.0083542,0.1701,0.57588,0.97604,0.56721,0.14762,-0.052759,-0.06231,0
-0.025683,0.0097525,0.038099,0.17239,0.56212,0.98219,0.59576,0.17646,-0.0093144,-0.040588,-0
-0.057435,-0.058321,-0.015051,0.18245,0.57083,0.98779,0.57098,0.18165,0.016183,-0.0090795,-0
0.00049713,-0.0055019,0.028022,0.19037,0.59724,1.0167,0.62282,0.18509,0.026125,0.014311,-0
-0.039291,-0.033002,0.021561,0.21339,0.58142,0.98854,0.59258,0.19145,2.9054e-05,-0.01844,-0
-0.024536,-0.010724,0.016361,0.2305,0.61492,1.0184,0.58865,0.1866,0.0087938,-0.050091,0
-0.064618,-0.046949,-0.016488,0.15601,0.56771,1.0055,0.59612,0.17737,-0.0036916,-0.017854,0
-0.067591,-0.05006,-0.026427,0.18245,0.60566,1.0004,0.57776,0.19669,0.0027725,-0.023657,-0
-0.021999,-0.038245,-0.046205,0.16223,0.59353,1.0393,0.64635,0.20684,0.024606,-0.026913,-0
-0.049593,0.0050935,0.1583,0.56162,0.97631,0.57685,0.19096,0.013067,-0.01374,-0.031931,-1
-0.04714,-0.038358,0.00024675,0.21516,0.62741,1.0169,0.60749,0.19883,0.011709,-0.015843,-0
-0.0084186,0.014465,0.18486,0.5811,0.98652,0.59221,0.18355,0.022176,0.0089748,0.0018067,-1
-0.082171,-0.068598,-0.011227,0.20324,0.58099,0.97381,0.53692,0.11648,-0.037521,-0.014911,-0
-0.023359,-0.031979,0.024539,0.21709,0.61615,0.99219,0.57502,0.1794,-0.0075672,-0.024907,0
-0.030974,-0.022602,0.0072337,0.18878,0.58906,0.99347,0.60167,0.20136,0.023373,-0.012911,-0
-0.014204,-1.1436e-05,0.20259,0.59921,1.0083,0.59946,0.18882,-0.018359,-0.038162,-0.069836,-1
-0.053539,-0.037628,-0.01251,0.17861,0.58838,1.0286,0.59219,0.19643,0.015827,0.0032368,0
-0.066588,-0.034434,0.0064308,0.17693,0.55849,0.99654,0.60479,0.177,-0.020845,-0.032605,0
0.011752,-0.040674,-0.022095,0.0085775,0.19358,0.58128,0.99993,0.60152,0.17864,-0.016669,1
0.0057158,-0.051599,-0.016832,0.00013639,0.1768,0.58287,1.0075,0.61709,0.18786,-0.010654,1
-0.058768,-0.062114,-0.0060133,0.19574,0.58569,0.98143,0.57283,0.17227,-0.033571,-0.038607,0
-0.046832,-0.029668,-0.014901,0.17804,0.60119,0.99987,0.59795,0.18351,-0.018832,-0.040183,-0
-0.029865,-0.019765,-0.012109,0.16845,0.58289,1.0138,0.60165,0.21212,0.023717,-0.031889,-0
0.0038069,-0.066897,-0.040501,0.0049499,0.19657,0.60387,0.99621,0.58295,0.18455,-0.0037555,1
-0.055435,-0.042742,-0.019714,0.17906,0.59809,1.0092,0.57902,0.16574,-0.017597,-0.025722,-0
-0.022121,-0.022834,-0.0045906,0.19213,0.60076,1.0316,0.62895,0.19851,0.012387,-0.016077,-0
-0.050275,-0.016441,0.014958,0.19051,0.57214,1.0136,0.58667,0.17421,-0.0058326,-0.0096319,0
-0.050529,-0.060213,-0.022756,0.16146,0.553,0.97546,0.58636,0.16336,-0.039494,-0.046321,-0
-0.0094991,-0.037811,0.0061726,0.019962,0.18667,0.60532,0.99569,0.56585,0.16667,-0.0037197,1
0.0096741,-0.0017009,0.04063,0.19927,0.59367,0.98705,0.60938,0.18459,0.0055931,-0.032454,0
-0.02292,-0.010519,-0.0008316,0.14518,0.5414,0.97606,0.59674,0.18867,0.0058118,-0.027295,0
-0.039095,-0.030798,0.038085,0.21097,0.60037,0.99451,0.60915,0.19423,-0.018248,-0.068359,-0
-0.01894,0.039992,0.21192,0.60471,0.9923,0.58061,0.18231,0.020996,-0.0086026,-0.034825,-1
-0.035851,-0.027625,-0.017743,0.15664,0.58663,0.97059,0.55839,0.13213,-0.0024923,-0.010385,-0
-0.036856,-0.023831,-0.0016999,0.18205,0.59262,0.99517,0.61624,0.19777,0.012616,-0.0088312,-0
-0.062979,-0.035481,0.00049486,0.1957,0.60402,1.0148,0.60418,0.22148,0.016145,-0.045036,-0
-0.05952,-0.014693,0.0090286,0.1746,0.58418,1.0103,0.59212,0.19733,0.01088,-0.00019153,0
-0.048331,-0.0094969,0.032246,0.20445,0.62404,1.0237,0.61435,0.20332,0.019108,-0.027207,0
-0.063238,-0.012854,0.013556,0.2164,0.62557,1.0135,0.60491,0.19748,0.00059953,-0.018497,0
-0.044209,-0.01631,-0.0042354,0.16538,0.61356,1.0089,0.56875,0.16908,0.0086384,-0.025276,-0
-0.055635,-0.03044,0.0027679,0.20307,0.56486,0.99774,0.59072,0.1721,-0.013565,-0.048833,-0
-0.027845,-0.01593,0.020882,0.21327,0.62338,1.0557,0.6378,0.22429,0.025113,-0.0012653,-0
-0.066186,-0.029141,0.011768,0.19743,0.63349,1.0409,0.64625,0.20987,0.0023245,-0.039599,-0
-0.017434,0.021111,0.031927,0.20524,0.59045,0.99561,0.60151,0.21313,0.010094,-0.003885,-0
-0.014801,-0.0078966,-0.027758,0.1549,0.58807,1.0201,0.57951,0.16856,0.001335,-0.010776,0
-0.042717,-0.013445,0.01769,0.1828,0.5991,1.0189,0.60809,0.20001,0.025922,-0.0032776,0
-0.062475,-0.037931,0.00095785,0.19292,0.61723,1.0096,0.59264,0.18192,-0.020296,-0.045096,0
-0.03802,-0.022886,0.0054888,0.18134,0.60383,1.0428,0.59792,0.17964,-0.0070717,-0.0017333,-0
-0.053913,-0.039259,-0.0063204,0.17051,0.58199,0.98841,0.58143,0.16921,0.010322,0.00051908,0
0.023994,-0.029833,-0.027427,0.017881,0.22782,0.61855,1.0107,0.58893,0.19065,-0.0024336,1
-0.036989,-0.030514,-0.047151,0.14308,0.57271,1.0066,0.56998,0.1686,0.015224,0.021193,-0
0.010004,-0.051862,-0.029117,0.0082375,0.18139,0.5949,1.0122,0.59287,0.18465,-0.0026358,1
-0.0035652,0.0041847,0.016519,0.18708,0.59073,0.98895,0.57951,0.20732,0.021617,-0.0071045,0
-0.029521,0.014368,0.18704,0.58919,1.0059,0.60468,0.19283,0.016578,-0.015558,-0.02357,-1
-0.056234,-0.03351,-0.0061548,0.16411,0.60094,1.0066,0.58654,0.17638,0.0016897,-0.042702,0
0.019218,-0.026574,-0.0081749,0.002763,0.16489,0.55366,0.97438,0.58071,0.16273,-0.018969,1
0.04201,-0.011842,-0.0049231,0.049926,0.22264,0.59804,1.0073,0.59186,0.17405,-0.027741,1
-0.060927,-0.030857,-0.019745,0.1465,0.57848,0.98986,0.55866,0.16501,-0.0049446,-0.032933,-0
-0.07133,-0.028198,0.00172,0.17282,0.56512,0.98575,0.57211,0.22115,0.042171,-0.011926,0
-0.026754,-0.025865,-0.017669,0.17026,0.5851,0.98499,0.55603,0.15984,-0.032406,-0.0030079,-0
-0.039131,-0.031899,-0.0028707,0.17553,0.59667,1.0145,0.60531,0.17794,-0.0019677,-0.050552,0
0.034838,-0.053402,-0.057115,-0.012456,0.20543,0.60998,1.0273,0.61856,0.21887,0.005795,1
0.0099808,-0.020525,-0.002517,0.023288,0.19296,0.62967,1.0115,0.60561,0.19148,0.016235,1
-0.029793,-0.023066,-0.0058102,0.12923,0.54658,0.9884,0.57896,0.1728,-0.018251,-0.018973,-0
-0.04623,-0.01437,0.0179,0.17455,0.58674,0.99269,0.61429,0.18424,-0.0084396,-0.01592,-0
-0.076388,-0.058953,-0.019406,0.15855,0.57474,0.97983,0.594,0.19388,-0.0077726,-0.023917,-0
-0.025301,-0.044848,-0.044031,0.15538,0.58663,1.0068,0.57356,0.16703,-0.00018735,-0.013991,-0
-0.031725,-0.024234,-0.0075718,0.15348,0.56113,1.0116,0.63666,0.20927,0.005182,-0.00083405,0
-0.0020865,-0.015315,0.0095133,0.1816,0.58457,0.98035,0.6292,0.1994,-0.011332,-0.054687,0
-0.024017,-0.054345,-0.023693,0.17391,0.57211,0.97845,0.55997,0.16477,-0.019948,-0.03007,-0
-0.038481,-0.0219,0.0071268,0.20982,0.6046,0.99809,0.57088,0.17043,-0.0011348,-0.017724,-0
-0.057762,-0.044278,0.0059086,0.20185,0.5982,1.0304,0.62289,0.16609,-0.042532,-0.024212,0
-0.058313,-0.013502,0.033153,0.17894,0.60048,1.0205,0.62195,0.21405,0.037103,-0.009352,0
-0.016722,-0.0054369,-0.019384,0.15864,0.56491,1.0063,0.6095,0.1824,0.010809,-0.011057,-0
-0.0051564,-0.018042,0.14743,0.53581,0.95932,0.58832,0.17382,-0.0099907,-0.03888,-0.05122,-1
-0.01875,-0.017824,0.0050152,0.17898,0.6115,1.0055,0.58807,0.18851,0.038502,0.0096251,0
-0.032374,-0.0077658,0.0074761,0.19093,0.60259,1.0282,0.60994,0.16422,0.0023848,-0.022144,0
-0.029523,-0.0043706,0.18043,0.59978,1.0216,0.60551,0.21387,0.037736,-0.0095317,-0.041864,-1
-0.027269,-0.0085381,0.024314,0.17151,0.57498,0.96514,0.55601,0.17253,0.013713,-0.026142,-0
-0.025424,0.022756,0.22406,0.60273,1.007,0.58617,0.18068,0.021225,-0.0020804,-0.023457,-1
0.018278,-0.065438,-0.046005,0.0089407,0.1967,0.61588,1.0231,0.59409,0.15891,0.036192,1
-0.060713,-0.0099217,0.016178,0.19656,0.59595,0.98671,0.58417,0.17672,0.00092913,-0.049313,0
-0.048624,-0.028452,0.0098537,0.19347,0.58464,1.0055,0.58389,0.17844,0.012108,-0.020366,-0
-0.024458,-0.02704,0.0025872,0.16248,0.54345,0.98924,0.59006,0.16324,-0.011754,-0.031233,0
0.039652,-0.03044,-0.035134,-0.024396,0.17702,0.60453,1.0112,0.62419,0.19968,0.01267,1
-0.02729,-0.028464,-0.015343,0.15282,0.57708,1.01,0.59482,0.17421,-0.011874,-0.020767,0
-0.057638,-0.056598,-0.01842,0.18521,0.59015,0.99217,0.57307,0.16562,-0.014141,-0.016266,-0
-0.041503,-0.022525,0.18686,0.5869,0.99524,0.59337,0.16798,-0.025775,-0.04605,-0.060946,-1
-0.0037845,-0.03037,-0.01505,0.16959,0.58457,0.99006,0.6084,0.21306,0.016684,-0.0289,0
-0.029188,-0.0030182,0.028444,0.21714,0.62819,0.99399,0.58159,0.18396,0.012579,-0.039402,-0
-0.021647,-0.078589,-0.067282,-0.0045295,0.20137,0.58253,0.98494,0.58878,0.18646,-0.0071042,1
-0.064358,-0.046586,-0.0075211,0.18537,0.62872,1.0289,0.59002,0.17943,-0.02987,-0.050324,-0
-0.050843,-0.050038,-0.023815,0.15867,0.55318,0.96356,0.57043,0.19672,0.005531,-0.034532,0
-0.0049901,-0.0020438,0.032882,0.18831,0.60723,1.0161,0.62943,0.20577,0.020085,-0.0086057,-0
-0.012977,-0.0028979,0.013468,0.1964,0.60129,1.017,0.60064,0.20711,0.018416,-0.0056684,0
-0.047026,-0.025973,0.014613,0.18079,0.59012,0.99615,0.61368,0.19592,-0.012531,-0.046773,0
-0.0095093,0.0071649,0.034452,0.18178,0.60208,1.0141,0.60051,0.1651,-0.033983,-0.044012,0
-0.051143,-0.037568,-0.012419,0.14984,0.56436,0.98245,0.57689,0.17805,-0.019922,-0.057801,-0
